exhibitor_name,email
SMI AG,info@sutures.be
Lugitsch-Strasser GmbH,info@lugitsch-strasser.at
HumanX c/o MMM Medizinische Modellbau Manufaktur GmbH,office@myhumanx.com
Government of Canada - Gouvernement du Canada,monika.devilliers@international.gc.ca
PATIA S.L.,contact@patiadiabetes.com
ALBUFERA ENERGY STORAGE S.L.,maja.jousif@albufera-energystorage.com
Blackhills Diagnostic Resources S.L.,info@bdrdiagnostics.com
Imegen S.L.,info@imegen.es
NEOS SURGERY SL,mbril@neosurgery.com
RECYSCLINIC S.L.U,info@recysclinic.com
"ANSABERE SURGICAL, S.L.",ansabere@ansaberesurgical.com
Sempermed,sempermed@semperitgroup.com
Adelhelm Kunststoffbeschichtungen GmbH,info@adelhelm.de
Hermann Römmler-Kunststofftechnik GmbH & Co. KG,info@roemmler-kunststofftechnik.de
MAHUSACA sprl,info@droper.be
ATA Hygenic Air Quality Expert SAS,b.ebrahim@ata-medical.com
Aphex Bioclean SAS,a.peters@aphex-bioclean.fr
Medical Innovation Developpement (M.I.D.) SAS,mid@midband.fr
Abliance SAS,info@abliance.com
Prothia s.a.r.l.,contact@prothia.fr
MEDICEN PARIS REGION,ofontaine@medicen.org
THERENVA SAS,info@therenva.com
THERAPIXEL SA,contact@therapixel.com
Kibion AB,info@kibion.com
REDUSTIM,info@redustim.com
ONCOMEDICS SAS,contact@oncomedics.com
LBA Consulting SAS LBA Healthcare,eric.bertrand@mac.com
Helite SARL,hipair@helite.com
Sotec Medical S.A.S.,export@sotecmedical.com
BIODIS GROUPE SAS BIOLUME RESINOR,contact@biolume.com
BSI Group Deutschland GmbH,daniel.leonhard@bsigroup.com
Operamed Srl,SILVIA.SELVATICO@IT.TRUMPFMEDICAL.COM
1&1 Versatel Deutschland GmbH,info@versatel.de
PhysioTools Ltd,info@physiotools.com
CAE SA Scales-Waagen,info@cae.be
egoHEALTH s.r.l.,info@egohealth.it
Inmedico A/S,lise.ebdrup@oscillahearing.com
medserv ce GmbH,mherzog@medserv-ce.de
Laboratoire du Solvirex SAS,info@solvirex.fr
"Mitsubishi Rayon Cleansui Co., Ltd.",cleansui@mrc.co.jp
EurAid Connections S.E.,lawrence@euraid.com
Dierks + Bohle Rechtsanwälte Partnerschaft mbB,office@db-law.de
LASERNEEDLE GmbH,birte.haby@laserneedle.eu
Standortagentur Tirol Cluster Life Sciences Tirol,office@standort-tirol.at
Medizintechnik-Cluster Business Upper Austria - OÖ Wirtschaftsagentur GmbH,melanie.sipos@biz-up.at
whr Hossinger Kunststofftechnik GmbH,stefan.schmidbauer@whr-hossinger.de
Freudenberg New Technologies SE & Co. KG,FNT@Freudenberg.de
Vistamed Ltd.,sales@vistamed.net
Freudenberg Performance Materials SE & Co. KG,med@freudenberg-pm.com
Hemoteq AG,hemoteq@hemoteq.de
Mediprema SAS,info@mediprema.com
Gamain Legros S.A.S.,info@ella-legros.com
SOMATEX Medical Technologies GmbH,info@somatex.com
Eurofins Product Service GmbH,cs@eurofins.com
SAS Sterimed STC,l.gonet@mds-france.com
"Endoscopy Replacement Parts, Inc.",info@endoscopeparts.com
KOHLAS SARL,info@kohlas.fr
"KHE2, Know How environmental Engineering",engineering@khe2.com
Flugzeug-Union Süd GmbH,fus@airbus.com
Soebygaard Machine Design Aps,info@soebygaard.com
Carmo A/S,denmark@carmo.dk
HN Group A/S,ah@hngroup.dk
Knudsen Plast A/S,info@knudsen-plast.dk
Noble Medical Inc.,andreas@noblemedical.com
"Libatape Pharmaceutical Co., Ltd.",n-nishioka@libatape.co.jp
Kibodan A/S,info@kibodan.dk
Lesni A/S,info@lesni.com
Mind Media B.V.,info@mindmedia.nl
Risa GmbH,info@risa-germany.eu
"Kyocera Optec Co., Ltd.",toshiya.nagao.xm@kyocera-optec.jp
NOF CORPORATION,g_honn_ls@nof.co.jp
"RION CO., LTD.",watabe@rion.co.jp
"Takatori Corporation Co., Ltd",
Palex Medical S.A.,palexmedical@palex.es
Hungarian National Trading House,info@tradehouse.hu
"Syntec Co.,Ltd",k-akatsu@syntec-jo.co.jp
"NITI-ON CO., LTD.",
"ESQ, LTD",suzuki@clino.org
"PURERON JAPAN Co., Ltd.",takashi@pureron.co.jp
"Kanda Package Co., Ltd.",info@kanda-package.com
OSMUNDA Medical Technology Service GmbH,global@osmundacn.com
Bäramed Instrumente GmbH,info@baeramed.de
Gemeinschaftsstand Rheinland-Pfalz Forschung und Technologie,daniel.graffe@mwwk.rlp.de
Hochschule Worms,dhoppe@hs-worms.de
Senzime AB,info@senzime.com
"TU Ilmenau, PATON-PVA Thüringer Verwertungsverbund",jana.false@tu-ilmenau.de
"TOKO CO., LTD.",info@toko-tool.co.jp
BIOCOM AG,marketing@biocom.de
Sinagawa Tsushin Keisou Service Ltd.,info@sinagawa-tsushin.co.jp
Salli Systems,info@salli.com
"Broach Kensaku Kogyosho Co., Ltd.",ryutaro.ogai@bkk-hamamatsu.co.jp
"SAWANE SPRING CO., LTD.",t-sawane@sawane.co.jp
"TOSEI ELECTROBEAM CO., LTD.",info@tosei.co.jp
"ONOX MTT CO., LTD.",aoshima.0356@onox.co.jp
HAMING Co-op,hidehiro@hashimoto-neji.co.jp
Reskin Medical N.V.,info@reskin.eu
2-Observe SA,info@2-observe.com
3DSIDE S.A.,info@3dside.eu
WOW Technology S.A.,mail@wowtechnology.com
Beldico S.A.,info@beldio.be
STERISYS PGmbH,info@sterisys.eu
WILL-PHARMA S.A:,ties.versteeg@willpharma.com
Medsys S.A.,info@medsys.be
Philipps-Universität Marburg,info@smart-medication.de
Tingverken AB,lr@amb.se
VeHu-Medical GmbH,info@vehu.de
microsensys GmbH,info@microsensys.de
Turck duotec GmbH,sales@turck-duotec.com
Kählig Antriebstechnik GmbH,info@kag-hannover.de
iPrax Systems GmbH & Co. KG,service@iprax-systems.com
LifeAssays AB,info@lifeassays.com
Otto-von-Guericke-Universität Magdeburg Institut für Mikro- und Sensorsysteme,bertram.schmidt@ovgu.de
Gamify now UG,info@gamify-now.de
TCS Biosciences Ltd,sales@tcsgroup.co.uk
Euro Diagnostica AB,info@eurodiagnostica.com
Institut für Textilmaschinen und Textile Hochleistungswerkstofftechnik der Technischen Universiät Dresden,i.textilmaschinen@tu-dresden.de
Allen Thermal Processing Equipemnt Inc.,rallen@allenthermal.com
HNP Mikrosysteme GmbH,info@hnp-mikrosysteme.de
MAATEL SAS,
"Sanko Seisaku Co., Ltd",shinji-y@sanko-seisaku.co.jp
"Health Enterprises, Inc.",bfishback@healthenterprises.com
"MedicCleanAir, Division of Walsberghe nv",info@mediccleanair.com
Viramed Biotech AG,viramed@viramed.de
NiniX Medical NV,info@ninix-tech.com
Minze Health NV,info@minzehealth.com
Pilipili Productdesign NV,debbie.baart@pilipili.be
ILO electronic GmbH,info@ilo.com
Euromed Implants GmbH,office@euromed-implants.de
MKS PARIS SARL EASY CRYO,olivia.beldame@easycryo.fr
CRYO MANUFACTURING SARL,contact@cryomanufacturing.com
AMINOGRAM SARL,pierre@biody-xpert.com
NUVO Surgical Corporation,brett.messina@nuvosurgical.com
"Icomes Lab Co., Ltd.",minfo@icomes.co.jp
HTWK Leipzig Innovative Surgical Training Technologie,korb@istt.htwk-leipzig.de
BrainCool AB,info@braincool.se
"Universität Bayreuth, Institut für Medizinmanagement und Gesundheitswissenschaften",eckhard.nagel@uni-bayreuth.de
Spiromagic ApS,info@spiromagic.dk
Mono Uso NV,franklin.busschaert@mono-uso.com
ABC medical Srl,export@abcmedical.it
AMNOL CHIMICA BIOLOGICA SRL,v.borrini@amnol.net
DualSanitaly s.p.a.,marketing@dualsanitaly.it
IPSA s.r.l.,info@ipsa.eu
Filmar Srl,info@filmar.net
"Fluortek, Inc.",
MER Europe BV (Medical Engineering Resources),info@mer-europe.com
Medical Production Technology Europe BV,info@mpteurope.com
Specialty Silicone Fabricators Inc.,drew.rogers@ssfab.com
Jackson ImmunoResearch Europe Ltd.,cuserv@jireurope.com
"Medical Wire & Equipment Co, Ltd.",sales@mwe.co.uk
Omega Diagnostics Group PLC,odl@omegadiagnostics.co.uk
Oxford Immunotec Ltd.,info@oxfordimmunotec.com
Priorclave Ltd.,sales@priorclave.co.uk
Mast Group Ltd.,sales@mastgrp.com
Atomo Diagnostics,info@atomodiagnostics.com
Baltimore Innovations Limited,sales@baltimoreinnovations.co.uk
EFFE EMME S.p.A.,info@effeemme.it
BIVDA,enquiries@bivda.co.uk
Woodley Equipment Company Ltd.,sales@woodleyequipment.com
Advance Diagnostic Products Ltd.,adpni@adp.ie
Absolute Antibody Ltd.,info@absoluteantibody.com
SAPI MED S.p.A.,info@sapimed.com
apDia bvba,marian.pelkmans@apdia.be
"PIEMONTE Agency for Investments, Export and Tourism / Centro Estero per l'Internazionalizzazione s.c.p.a.",lifesciences@centroestero.org
Detectaplast nv,info@detectaplast.be
ITALECO Srl,info@mic-fi.com
ODIL SAS,odilpb@odil.fr
TEA S.r.l,medical@medicaltea.it
KM CONCEPT SARL,patrick@kmconcept.fr
Protec'som SAS,marketing@laboprotecsom.com
UB-Software Entwicklungs- und Vertriebs GmbH,info@ub-software.de
La French Tech EPIC,meetlafrenchtech@businessfrance.fr
"Shenzhen Icubio Biomedical Technology Co., Ltd",info@icubio.com
Fraunhofer-Institut für Grenzflächen-und Bioverfahrenstechnik IGB,info@igb.fraunhofer.de
Dr. Mach GmbH & Co. KG,info@dr-mach.de
Fraunhofer Heinrich-Hertz-Institut HHI,presse@hhi.fraunhofer.de
Fraunhofer-Projektgruppe für Automatisierung in der Medizin und Biotechnologie PAMB,pamb@ipa.fraunhofer.de
MAC Valves Europe Inc,vincent.flagothier@macvalves.be
"ACTMENT CO., Ltd.",ayako.tanaka@actment.co.jp
PCM HABILCLASS SAS,contact@pcmhabilclass.com
"Kaneko Manufacturing Co., Ltd.",info@t-kaneko.co.jp
"Kyoto Kagaku Co., Ltd.",rw-kyoto@kyotokagaku.co.jp
"Metran Co., Ltd.",support_en@metran.co.jp
AXESS VISION TECHNOLOGY SA,info@axessvisiontechnology.com
LABORATOIRE TERPAN,contact@terpan.fr
toutenkamion s.a.,m.asselin@toutenkamion.com
"Japan Bio Products Co., Ltd.",y_nouchi@placenta-jbp.co.jp
TEAC CORPORATION,isd-pm@teac.co.jp
IDEAQUEST Inc.,planning@ideaquest4u.com
"Daiichi Medical Co., Ltd.",myamamura@first-med.co.jp
"AMTEC CO.,LTD.",mail@amtecnet.co.jp
"Chest M.I., Inc.",chestmiinc@gmail.com
"AIR SUPPORT CO.,LTD.",info@airsupport-japan.com
"Reif Co., Ltd",info@reif-corp.com
"QD Laser, Inc.",lew@qdlaser.com
"TSK Laboratory, Japan",tsk@tsklab.co.jp
TANAKA KIKINZOKU KOGYO K.K. Co.Ltd.,info-exhibition@ml.tanaka.co.jp
TOKUKIGIKEN Co.Ltd,toku@amor.co.jp
TCK Inc.,info@tck-i.jp
"FINETEC CO.,LTD",h-motoki@f-finetec.co.jp
"Tokuyama Co., Ltd.",eng@tokuyama-sus.co.jp
"I&C CO., LTD.",contact@iandc-inc.jp
Tecnisco Ltd.,o-sales@tecnisco.co.jp
Olpaso Corporation Co. Ltd.,info@olpaso.co.jp
"NEITZ Instruments Co., Ltd.",int@neitz.co.jp
BEO MedConsulting Berlin GmbH,info@beoberlin.de
Aquisense Technologies LLC,molly.mckain@aquisense.com
Life Science Nord Management GmbH,info@lifesciencenord.de
Herdegen snc,plevaux@herdegen.fr
"JIANGSU ZECEN BIOTECH CO., LTD",info@zechengbio.com
LINET Group SE,info@linet.cz
Sunarrow Limited,endogel@sunarrow.co.jp
Cisco Systems GmbH,
C.. TEXDEV S.A.S. CommunicoTool,contact@communicotool.com
PLANET-AIR GmbH,info@planet-air.de
Predicare AB,info@predicare.se
Universitätsmedizin der Johannes Gutenberg Universität Mainz,forschung@um-mainz.de
Medestime SA,contact@medestime.com
TeleClinic GmbH,info@teleclinic.com
Reckon Diagnostics Pvt. Ltd.,adityasarwankar@gmail.com
Elkasystems GmbH,info@elkasystems.de
Dou Yee Technologies Pte Ltd,marketing@douyeetech.com
SP Manufacturing Pte Ltd,sp.wu@sp-manufacturing.com
Inzign Pte Ltd,enquiry@inzign.com
Sunningdale Tech Limited,sales@sdaletech.com
"M.TECH Co., Ltd.",info.m.tech61@gmail.com
Advanced Materials Technologies Pte. Ltd.,contact@amt-mat.com
Apex Machine Company Corp./Inc.,email@apexmachine.com
Apple Rubber Products Inc.,info@applerubber.com
"Fiberguide Industries, Inc.",rgocek@fiberguide.com
Cole-Parmer Corp.,fluidhandling@coleparmer.com
"Harland Medical Systems, Inc.",info@harlandmedical.com
Kahle Automation,kahle@kahleautomation.com
New England Wire Technologies New England Catheter,sales@newenglandwire.com
"Onyx Specialty Papers, Inc.",info@onyxpapers.com
"Endoscopy Development Company, LLC",djohnson@edcparts.com
Sparton Corp.,marketing@sparton.com
Perma Pure LLC,info@permapure.com
"Precision Associates, Inc.",info@precisionassoc.com
Kelpac Medical A PPC Ind. Comp.,contact@kelpacmedical.com
"Atlas Link, Inc.",info@atlaslink-inc.com
Medica Corporation,sales@medicacorp.com
Viasonix Ltd.,info@viasonix.com
"Meridian Life Science, Inc.",info@meridianlifescience.com
"Core Technology Co., Ltd.",info@coretests.com
"Ministerium für Innovation, Wissenschaft und Forschung des Landes Nordrhein-Westfalen",kommunikation@miwf.nrw.de
"Ministerium für Wirtschaft, Energie, Industrie, Mittelstand und Handwerk des Landes Nordrhein-Westfalen (MWEIMH)",poststelle@mweimh.nrw.de
PCR Biosystems Ltd.,info@pcrbio.com
VitalGo Systems Ltd.,sales@vitalgosys.com
aycan Digitalsysteme GmbH,info@aycan.de
aperi bvba,info@aperigroup.com
MotilityCount ApS,mct@motilitycount.com
Shekel Scales Ltd.,info@shekelonline.com
Core Scientific Creations Ltd.,info@corecsc.com
Universität Leipzig Dezernat für Forschungs- und Transferservice,transfer@uni-leipzig.de
Theralando GmbH,info@theralando.com
AudioCura Aps,sales@audiocura.com
Naton Medical Group Inc.,info@natongroup.com
MDC Medical,leonardo.kobal@mdcindustries.com
CRAFT - ENGINEERING S.A.,ppiette@craft-engineering.com
Peak Medical Ltd.,info@peakmedic.com
Mennen Medical Ltd.,info@mmi.co.il
GENICON Inc.,Olh@geniconendo.com
"Vigilant Biosciences, Inc.",info@vigilantbiosciences.com
"Sharn, Inc.",mailbox@sharn.com
Excite Medical,info@excitemedical.com
"Infinium Medical, Inc.",ab@infiniummedical.com
"Scar Heal, Inc.",sales@scarheal.com
"Mercury Medical, Inc.",icompton@mercurymed.com
MediCapture Inc.,sales@medicapture.com
"Métier Medical USA, LLC",larry.minix@MetierMedicalUSA.com
"Kollsut-USA, LLC",info@kollsut.com
Gaumard Scientific Co. Inc.,intlsales@gaumard.com
HAROMED BVBA,info@haromed.com
Care Comfort bvba,sales@carecomfort.be
Dr. Sagie Bedwetting Clinics,tal@bedwettingtherapy.com
VIGILENZ MEDICAL DEVICES SDN BHD,admin1@vigilenzmd.com
RBM elektronik-automation GmbH,contact@cyclus2.com
Star Medik Sdn Bhd,starmedik@gmail.com
VITAL HEALTHCARE SDN.BHD.,leticia@baingz.com
Mediplas Respiratory Products Sdn Bhd,sales@mediplas.com.my
Central Medicare Sdn. Bhd.,sales@centralmedicare.com.my
Alliance Rubber Products Sdn. Bhd.,alliancerubber@alliancerubber.com
Careplus (M) SDN. BHD.,info@careplus.com
A1 Glove Sdn Bhd.,marketing@a1glove.com
VISUS GmbH,sales@visus.com
Koon Seng Sdn Bhd,koonseng@koonseng.com
Genrui Biotech Inc.,marketing@genrui-bio.com
"Noraxon U.S.A., Inc.",info@noraxon.com
DKE Deutsche Kommission Elektro- technik Elektronik Informations- technik in DIN und VDE,dke@vde.com
"LAMEDITECH Co., Ltd.",sales@lameditech.com
Medasense Biometrics Ltd.,info@medasense.com
"Orthomerica Products, Inc.",garellano@orthomerica.com
Spengler S.a.s.,npaladin@spengler.fr
DIAGENODE SA,info@diagenodediagnostics.com
NetSfere,franz.obermayer@infinite.com
TAV-TECH Ltd.,tavtechy@tav-tech.com
ebro - Xylem Analytics Germany Sales GmbH & Co. KG,tanja.krestel@xyleminc.com
Stellar Technologies Corp.,sales@stellar-technologies.com
Bosch Sicherheitssysteme GmbH,info.service@de.bosch.com
Electric Fuel Ltd.,info@electric-fuel.com
ALSACE BIOVALLEY,contact@alsace-biovalley.com
Axlab Innovation ApS,ole@axlab.dk
Birds and Trees UG (haftungsbeschränkt),hello@birds-and-trees.com
Infuser Aps,info@infuser.eu
Noam Urim Enterprises Ltd.,orlyp@noam.urim.org.il
HealthWatch Ltd.,info@personal-healthwatch.com
Motorika Medical Ltd.,info@motorika.com
GlucoMe Ltd.,info@glucome.com
Chaban Medical Ltd,nir@chaban.co.il
OB-Tools Ltd.,anat@ob-tools.com
Cnoga Medical Ltd.,info@cnoga.com
Inovytec Medical Solutions Ltd,info@inovytec.com
Exalenz Bioscience Ltd.,contact@breathid.com
"Bain Medical Equipment (Guangzhou) Co., Ltd.",leticia@baingz.com
"Bangkok Botanica Co., Ltd.",bangkokbotanica@hotmail.com
Aqueduct Medical Inc.,info@aqdmedical.com
Zeon Medical Inc.,info@ml.zeon.co.jp
"TOKO CO., LTD.",info@toko-tool.co.jp
"TOCALO CO., LTD.",
"Carina System Co., Ltd.",s-munemori@carinasystem.co.jp
Nara Seiko INC.,hiroo.nakagawa@nara-seiko.co.jp
"INABATA&CO.,LTD",fujimoto.yutaka@inabata.com
"FUJI FLEX Co., Ltd.",kobori@fuji-flex.co.jp
"FLAIR CO., Ltd",
Air Water Safety Service Inc.,murakami-kyo@awi.co.jp
ADVANTEST CORPORATION,info_Hadamoto_W@advantest.com
MediTECH Electronic GmbH,service@meditech.de
Neuronix,ggregory@neuronixmedical.com
QinFlow Ltd.,info@qinflow.com
"WebOps, LLC",sales@webops.com
Via Surgical LTD,lena@viasurgical.com
Thinklabs Medical LLC,support@thinklabs.com
"GF Health Products, Inc.",jgreenfield@grahamfield.com
ZUG MEDICAL SYSTEMS SAS,info@zugmed.com
3M Corporation,innovation.de@mmm.com
Dedienne Santé SAS,j.pierret@dedienne-sante.com
VOUTE SAS,ojarri@voute-sas.fr
OneLIFE S.A.,info@onelife-bf.com
"Tapmedic, LLC",ktabery@tapmedic.com
Omnicell Global Ltd.,sales@omnicellglobal.com
"Paramax Diagnostics, Inc.",info@paramaxdiag.com
Serious Games Solutions,mail@promotion-software.de
DIMA ITALIA S.r.l.,service@dimaitalia.com
North Carolina Economic Development,paul.wyatt@edpnc.com
Goldsite Diagnostics Inc.,export@goldsite.com.cn
"Tekscan, Inc.",info@tekscan.com
"The Secant Group, LLC",ryan.heniford@secant.com
SILORA R&D A.C.S,info@silrd.com
Pulse Technologies Corporation,sales@pulsetechnologies.com
Piezo Technologies,george.gabuzda@meggitt.com
EZMEMS LTD,info@ezmems.com
NursIT Institute GmbH,info@nursit-institute.de
HTZ Ltd,enquiries@htz.biz
Trajan Scientific and Medical,europe@trajanscimed.com
Axis-Shield Diagnostics Ltd,axd.axis-shield@alere.com
"Prodigy Diabetes Care, LLC",service@prodigymeter.com
ACOBIOM,info@acobiom.com
Universität Trier IHCI,ihci@uni-trier.de
Dr. Wilfried Müller GmbH,info@med-geraete.de
CANDOR Bioscience GmbH,info@candor-bioscience.de
KUGEL medical GmbH & Co. KG,info@KUGEL-medical.de
Hahn-Schickard-Gesellschaft für angewandte Forschung e.V.,"katrin.groetzinger@hahn-schickard.de, info@hahn-schickard.de"
Kuhnen & Wacker IP Law Firm GbR,info@kuhnen-wacker.com
ADAPT Localization Services GmbH,sales@adapt-localization.com
Endoaccess GmbH,info@endoaccess.de
Systemtechnik LEBER GmbH & Co. KG,info@leber-ingenieure.de
Dr. Knoell Consult GmbH,info@knoell.com
infoteam Software AG,info@infoteam.de
LVL technologies GmbH & Co. KG,info@lvl-technologies.com
Magforce AG,info@magforce.com
Metecon GmbH,info@metecon.de
NanoRepro AG,info@nanorepro.com
Pelican Feminine Healthcare Ltd.,contactus@pelicanfh.co.uk
Gemalto (vormals SafeNet SFNT Germany GmbH),info-de@gemalto.com
Informa Life Sciences Exhibitions,dave.panther@informa.com
Carniaflex S.r.l.,carniaflex@carniaflex.com
Biogenesis SRL,biogenesis@biogenesis.com.uy
AL TI COLOR S.R.L.,lucia.toson@alticolor.com
CorTec GmbH,sales@cortec-neuro.com
Soluscope S.A.S.,info@soluscope.com
Ratiolab GmbH,slamed@ratiolab.com
"Dragon Industry (ZJG) Co., Ltd.",provider@dragon-iec.com
Sion Medical Ltd.,ron_a@sn-medical.com
Cambus Medical Ltd.,info@cambusmedical.com
Shenzhen Northern Meditec Limited,ammy.xu@northemmeditec.com
REGION OCCITANIE / PYRENEES-MEDITERRANEE Public Institution,accueil@suddefrance-dvpt.com
"JiangSu ATE Medical Technology Co., Ltd",tony@ate-medical.com
Dr. Werner Röhrs GmbH & Co. KG Fabrik für Stahlverformung GmbH & C,info@roehrs.de
essentim Florian Pichler und Matthias Schuh GbR,info@essentim.com
FRAMOS GmbH,info@framos.com
"Kawa Medical Products Co., Ltd.",info@kawamedical.com
GBN Systems GmbH,info@gbn.de
GNA Biosolutions GmbH,expo@gna-bio.com
AVS Ing. J.C. Römer GmbH,info@avs-roemer.de
Hofmann GmbH,info@hofmann-cnc.com
Invest in Bavaria - The Business Promotion Agency of the State of Bavaria,susanne.schierok@invest-in-bavaria.com
INOTECH Kunststofftechnik GmbH,info@inotech.de
acad group GmbH,kontakt@acad-group.de
BioCer Entwicklungs-GmbH,info@biocer-gmbh.de
Advantest Europe GmbH,info-eu@advantest.com
Zuverlasse Gmbh,sujoy.sg@gmail.com
Matrix Surgical USA,info@matrixsurgicalusa.com
Campus-Akademie der Universität Bayreuth,campus-akademie@uni-bayreuth.de
neoLaser Ltd.,shapirag@neo-laser.com
Meditrac Ltd.,info@meditrac.co.il
"BRH Medical, Ltd",info@brhmedical.com
Ritter GmbH Medical,medical@ritter-online.de
Mizra Medical Ltd.,dror@mizramedical.com
Atlas Speciality Lighting Corp.,evasalazar@asltg.com
Region Mainfranken GmbH,info@mainfranken.org
Theradome Inc.,brenda@theradome.com
Projektträger Bayern - ITZB Innovations- und Technologiezentrum Bayern,christoph.pinkwart@itzb.bayern.de
Primara Test- und Zertifizier-GmbH,info@primara.net
NAWA Heilmittel GmbH,info@nawa.com
Bayern International GmbH,info@bayern-international.de
Martin Elektrotechnik GmbH,info@martin-elektrotechnik.de
b<>com,sales@b-com.com
MicroGenesis TechSoft GmbH,samuuel@quedge.com
Kindson International Inc.,kindsoninternational@gmail.com
"EVOSONICS Co., Ltd.",evosonics@evosonics.com
"Goodpl, Inc.",kckang@goodpl.kr
Zentralinstitut für Medizintechnik ZIMT Friedrich-Alexander-Universität Erlangen-Nürnberg,zimt-geschaeftsstelle@fau.de
Zentrum für Telemedizin Bad Kissingen e.V.,info@ztm-badkissingen.de
Sonicworld Co. Ltd.,sales@sonicworld.kr
NeoDr. Inc.,sales@neodr.com
OPTIMIZ MABOX DIABETE SARL,contact@mabox-diabete.fr
Flight Medical Innovations Ltd.,sales@flight-medical.com
ACCREA Bartlomiej Stanczyk ACCREA Bartlomiej Stanczyk,office@accrea.com
botiss biomaterials GmbH,info@botiss.com
Egypt Expo & Convention Authority (EECA),medical@eeca.gov.eg
"Sri Trang Agro-Industry Public Co., Ltd. Member of Sri Trang Group",glove@sritranggroup.com
"Siam Intermagnate Co., Ltd.",magnate@siamintm.com
Miracle Medical Pte Ltd,medinfo@miracle-medical.com
Marshall Cavendish Business Information Pte. Ltd.,bizmktg@sg.marshallcavendish.com
Restalyst Pte Ltd,info@restalyst.com
ARQon (Asia Regulatory & Quality Consultancy),info@arq-on.com
MP Biomedicals Asia Pacific Pte. Ltd.,diagnostics@mpbio.com
Pharmacare Limited,contact@pharmacarelimited.com
WA Rubbermate,info@warubbermate.co.th
Orthopeasia Co. Ltd.,sale-co@orthope.com
INEX Innovations Exchange Pte. Ltd.,vinita.c@inex.sg
Mercator Medical (Thailand) Ltd.,kitis@mercator.co.th
"Unison Laboratories Co., Ltd.",export@unisonlab.com
Thai Nippon Rubber Industry Public Company Limited,tnrmktg@tnrcondom.com
"Thai Centri (1995) Co., Ltd.",info@thaicentri.com
"Meditop Co., Ltd.",info@meditopthailand.com
"J SUMMIT Co., Ltd.",sales@j-summit.com
"Golden Cup Pharmaceutical Co., Ltd.",export@goldencup.co.th
DIPPED PRODUCTS (THAILAND) LTD,"nilaksha@dplgroup.com, diluk@dplgroup.com, kob@dplgroup.com"
Response Biomedical Corp.,customersupport@responsebio.com
"Blessed Products of Asia Co., Ltd",info@znyaorganics.com
Bionix Development Corporation,cgottschalk@bionix.com
Med-Dev Design Ltd.,info@meddev-design.com
Rimoni-ind Ltd.,niv@rimoni-ind.com
Trelleborg Sealing Solutions Germany GmbH,tssgermany@trelleborg.com
Minivalve International B.V.,info@minivalve.com
STERIGERMS France SARL,cdi@groupechastagner.com
Hisense Ltd.,office@hisense.co.il
Neem Biotech Ltd.,contact@neembiotech.com
INNOPSYS SA,contact@innopsys.fr
Madeeli,contact@madeeli.fr
DPE Medical Ltd.,info@dpemed.com
CELL-START PROJECT SAS,amministrazione@cell-startproject.net
LINKOPTICS Corp.,sales@linkoptics.com
"GeoSurgical, LLC",pmartin@westcmr.com
IEE S.A.,iee@iee.lu
Technische Hochschule Wildau,polymed@th-wildau.de
Diagnosis S.A.,diagnosis@diagnosis.pl
Hydro-Gaz-Med Sp. Jawna. Zbigniew Szymczak i Marcin Susdorf,gazmed@gazmed.pl
Przedsiebiorstwo YAVO Sp. z o.o.,info@yavo.com.pl
TERALINK Solutions POST Telecom SA,klaus.fuchs@post.lu
Castres-Mazamet Technopole Association,technopole@castres-mazamet.com
RESULAB GmbH GB THARMAC,info@resolab.de
LLAMBRICH PRECISION S.L.,marianoel.rodriguez@llambrich.com
Global Center for Medical Innovation,twilson@devices.net
Quantimetrix Corporation,blilligren@quantimetrix.com
HIVOX BIOTEK INC.,linda.lin@hivox-biotek.com
W. Krömker GmbH,info@kroemker.com
Health Care Originals Inc.,info@healthcareoriginals.com
Gait Up SA,contact@gaitup.com
3di GmbH,contact@3di.de
oncgnostics GmbH,contact@oncgnostics.com
Biovision GmbH,info@biovision.de
GBneuhaus GmbH,sales@gbneuhaus.de
Tragfreund GmbH,info@tragfreund.com
eZono AG,sales@ezono.com
AJZ Engineering GmbH,info@ajz-engineering.de
Firstbeat Technologies Ltd.,info@firstbeat.com
Wearable Technologies AG,info@wearable-technologies.com
Emfit Ltd.,info@emfit.com
EBV Elektronik GmbH & Co.KG,info@ebv.com
Dycare,info@dycare.co
VTT Technical Research Centre of Finland,info@vtt.fi
Shimmer,info@shimmersensing.com
Rooti Labs Limited,sales@rootilabs.com
Quanta Computer Inc.,quca@quantatw.com
OXY4 GmbH,office@oxy4.com
"Color Seven, Inc.",sales@color7.co.kr
Lumio Labs Inc.,updates@lumiolabs.com
Shecare,support@ikangtai.com
Jenax Inc.,support@jenaxinc.com
Biovotion AG,info@biovotion.com
Bioservo Technolgies AB,info@bioservo.com
ISIK KARDESLER MEDIKAL SAN. VE TIC. A.S.,mehmet.erdem@linealife.com.tr
AiQ Smart Clothing Inc.,info@aiqsmartclothing.com
EgiFix Medical,info@egifix.com
Multiphoton Optics GmbH,info@multiphoton.de
CSEM S.A.,info@csem.ch
Raiing Medical Company,support@raiing.com
VARTA Microbattery GmbH,info@varta-microbattery.com
Qardio Europe Limited,info@getqardio.com
D-tek s.a.,info@d-tek.be
synMedico GmbH,info@synmedico.de
LaCAR MDx Technologies S.A.,benoit.ligot@lacar-mdx.com
CLINIC 6 bvba,info@clinic6.com
Parsek d.o.o.,info@parsek.com
Human Medical Solutions d.o.o.,dusan.kosic@humeds.com
coronect GmbH,info@coronect.de
RBS Chemical Products R. Borghgraef s.a.,rbs@rbs-cp.be
MEC - Medical Electronic Construction R&D,info@mecrd.eu
Uni-Com SCRL,info@uni-com.eu
Siemens Healthcare GmbH,contact.healthcare@siemens.com
Matrix Requirements SPRL Make It Real,info@matrixreq.com
LTA Medical S.A.S,export@ltamedical.com
FSE International S.A.,infobruxelles@fse-export.com
INNOV'SPINE SARL,innovspine@innovspine.com
Farafan Engineering Co.,business@farafan.com
"Anatomi Metrix, Inc.",info@manu3lab.com
Bionic Production GmbH,info@bionicproduction.com
PROMOTAL SAS,contact@promotal.com
Invasix Ltd InMode,judia@invasix.com
KH GLOBAL PTE LTD,sales@khglobal.com.sg
Neurostyle Pte Ltd,info@neurostyle.biz
Osteopore International Pte Ltd,sales@osteopore.com
M.S.T- Medical Surgery Technology Inc.,israel@mst-sys.com
"Shinhwa Medical Co., Ltd.",joanna@shinhwamedical.co.kr
RUIYING MEDICAL TECHNOLOGY PTE LTD,nas@ruiying.sg
Accessrec Europe SARL,sales@accessrec.eu
Vitam Dare SAS,vitamdare1@gmail.com
ID bio S.A.S.,info@h2b.eu
International Enterprise Singapore Board,contact@iesingapore.gov.sg
Wirtschaftskammer OE Messebereich Advantage Austria,awo.messen@wko.at
MIKAI SPA,mikai@mikai.it
VDE Prüf- und Zertifizierungsinstitut GmbH,vde-institut@vde.com
General Medical Italia S.r.l. (GMI),info@gmitalia.eu
EMI Integrated Systems Ltd.,info@emi-is.com
Meditek LTD,shatalova@astrocard-meditek.ru
Fraunhofer-Institut für Biomedizinische Technik IBMT,info@ibmt.fraunhofer.de
Eugen Geyer GmbH,vertrieb@eugengeyer.de
Zecha Hartmetall-Werkzeugfabrikation GmbH,info@zecha.de
Cluster-Initiative HOCHFORM Wirtschaft und Stadtmarketing Pforzheim (WSP),info@ws-pforzheim.de
Mahe Medical GmbH,info@mahe-med.de
medicut Stent Technology GmbH,info@medicut.de
Vascotube GmbH,info@vascotube.com
GENTHNER GmbH Systemtechnologie,info@genthner.com
F&W Frey & Winkler GmbH,mail@freywinkler.de
EUROFLEX GmbH,info@euroflex.de
Epic Medical Pte Ltd,freddie.lee@epic-med.com
LifeSense Group,info@lifesense-group.com
C.HAFNER GmbH & Co. KG,info@c-hafner.de
TMG-BMC Ltd.,info@tmg.si
Chordate Medical AB,info@chordate.com
WTSH - Wirtschaftsförderung und Technologietransfer Schleswig- Holstein GmbH,info@wtsh.de
MediTouch Ltd.,info@meditouch.co.il
International Hospital - Clinical Laboratory International c/o PanGlobal Media sprl,sales@panglobal.be
Renol S.A.,office@renolcare.com
SERGES S.A.,management@sergesmedicals.be
Information Technology for Translational Medicine S.A. (ITTM),info@ittm-solutions.com
TOPOCARE LTD,lior@topo-group.com
Hélioscopie S.A.,standard@helioscopie.fr
"Changzhou Waston Medical Appliance Co., Ltd.",info@wastonmed.com
Allium Medical Solutions Ltd.,itay@allium-medical.com
Hip Hope Technologies Inc.,info@hip-hope.com
"Jiangsu Saikang Medical Equipment Co., Ltd.",inquiry@jssaikang.com
Micomme Medical Technology Development Co. Ltd.,intl@micomme.com
Wenzhou Longwan Medical Device Factory,info@taiyumed.com
Obelis European Authorized Representative Center,mail@obelis.net
Sahe - South American Health Exhibition,international@sahe.com.br
Openîmes Métropole,ebobin@openimes.com
Guide In Medical Ltd.,ariel@guideinmed.com
First Sensor AG,medical@first-sensor.com
Saratiba,info@saratiba.com
altona Diagnostics GmbH,petra.kampmann@altona-diagnostics.com
IndivuTest GmbH,info@indivutest.com
Medical Biomaterial Products GmbH,info@mbp-gmbh.de
Mammotome / Devicor Medical Germany GmbH,info-germany@devicormedical.com
care integral GmbH,info@care-integral.de
n a n d a t e c GmbH,Infos@nandatec.com
"Shandong Hangwei Orthopedics Medical Instrument Co., Ltd.",info@hangwei.win
"Jiangyin Binjiang Medical Equipment Co.,ltd",postmaster@chengyi-cn.com
Nanjing Yanan Special Lighting Factory,sales@kwslight.co
FARMACARE S.r.l.,info@farmacare.it
"Suzhou Youbetter Medical Apparatus Co., Ltd.","yeahxixi@126.com, sophiejin@youbetter.cn"
"Zhejiang Jiecang Linear Motion Technology Co., Ltd.",sales@jiecang.com
"Longfian Scitech Co., Ltd.",jessica@longfian.com
Taiwan Biophotonic Corporation,serv@tbpchc.com
i-MEDS Healthcare SAS,contact@imeds-healthcare.com
Ortho Medico NV,info@orthomedico.be
Safebox Sundplast,johan.sundin@sundplast.se
Integrity Applications Ltd,davidm@integrity-app.com
Lumenis Ltd.,moshe.shtengel@lumenis.com
G. Heinemann Medizintechnik GmbH,export@heinemann-ent.de
Sinutronic sp. z o.o.,office@sinutronic.eu
EarlySense Ltd.,info@earlysense.com
Immuno-Cell Int.,info@immuno-cell.com
"HEDY Medical Device Co., Ltd.",overseas@hedymed.com
"Suzhou Hybiome Biomedical Engineering Co., Ltd",wangxiuwei@hybiome.com
"NANTONG MEDICOME INTERNATIONAL BUSINESS CO.,LTD",tommy@medicome.net
"TAIZHOU KBM IMPORT & EXPORT CO., LTD.",lefeng@vip.163.com
"SUZHOU EVERICH IMP. & EXP.CO.,LTD.",safemed@263.net
"SHANGHAI BERRY ELECTRONIC CO., LTD",yly@berry-med.com
"JIANGSU JAYSUN GLOVE CO., LTD",awu@jsglove.net
"Changzhou Changshun Plastic Co., Ltd.",alexjin@megatainer.com
Wuxi Yushou Medical Appliances Co.Ltd,dcx@chinasyringe.com
"NANJING LUSTRE MEDICAL & HEALTHCARE PRODUCTS CO., LTD.",annlee@lustre-nj.com
"Jiangsu LEO Bio-Technology Co., Ltd.",Jsleo03@gmail.com
"Baoying County Fukang Medical Appliance Co., Ltd.",info@china-fk.com
"Jiangsu Suhong Medical Instruments Co., Ltd.",njk@czsuhong.com
"Jiangsu Kangjian Medical Apparatus Co., Ltd.",export@china-kangjian.com
"Jiangsu Cureguard Glove Co., Ltd.",chenwee@cureguard.com
"Nantong Hailun Bio-Medical Apparatuses Manufacturing Co., Ltd.",mimizhang@nthailun.net
"M & G Products Co., Ltd.",mayuan@jsmgmedical.com
"Hospital & Homecare Imp. & Exp. Co., Ltd. Nanjing",Sales1@aline-medical.com
"Jiangsu Zekang Medical Technology Co., Ltd.",annie@js-zkmed.com
"Suqian Green Glove Co., Ltd.",info@allfineglove.com
"Suzhou Hengxiang Import & Export Co., Ltd.",hengxiang@hengxiang.cn
"JIANGSU RONGYE TECHNOLOGY CO.,LTD",1801654592@qq.com
"Chang Zhou Tongda Medical Appliance Co., Ltd.",tongdachina@vip.163.com
"Anji Jixiang Medical Co., Ltd.",lwh@jx-medical.com
Sartorius Stedim Biotech GmbH,info@sartorius-stedim.com
NANTONG HOPEWAY ENTERPRISES INC.,ntfuhua505@163.com
"Medtrue Enterprises Co., Ltd.",Export12@medtrue.com
"Elite Medical (Nanjing) Co., Ltd.",info@elitemedline.com
"Suzhou Colour-Way Enterprise Development Co., Ltd.",export2@colourway.com
"Citotest Labware Manufacturing Co., Ltd.",info@citotest.com
"Nanjing 3H Medical Products Co., Ltd.",info@3hmedical.com
HUAIAN CITY HENGCHUN MEDICAL PRODUCT CO. LTD.,eileen@tymedical.sina.net
"Haian Medigauze Co., Ltd.",jenny.zhong@medigauze.com
B-Cure Laser,more@gd-energies.com
Ohio Medical,Sales_Intl@ohiomedical.com
"NewMedical Technology, Inc.",jdziura@newmedical.com
Medical Cluster,mail@medical-cluster.ch
GiDoS s.p.r.l,mail@obelis.net
g.tec medical engineering GmbH,office@gtec.at
Medical Cluster,mail@medical-cluster.ch
EUROMEDICAL - DE JAGER C&P,s.dejager@euromedical-gmbh.de
Cardionics S.A.,info@cardionics.eu
Mercura Industries s.a./n.v.,info@mercura.com
Covartim SCS,kthibaut@covartim.com
KREIENBAUM Neoscience GmbH,info@neoscience.de
Qarad b.v.b.a.,info@qarad.com
Thieme Compliance GmbH,info@thieme-compliance.de
OptiGene Ltd,info@optigene.co.uk
KUMAVISION AG,med@kumavision.com
CEATEC Medizintechnik GmbH,info@ceatec.de
Spiegelberg GmbH & Co. KG,info@spiegelberg.de
SOVINTY SAS,contact@sovinty.com
Sud de France Developpement,contact@suddefrance-dvpt.com
Bit4id Srl,health@bit4id.com
USF Healthcare S.A.,info@usfhc.com
swisstom AG,jxb@swisstom.com
Avertim - innovation & management consulting,info@avertim.be
Imaginary SRL,info@i-maginary.it
ALPO Technik Medical Products GmbH & Co. KG,info@alpo-med.de
Handle S.A.S.,info@handle.fr
Aerotel Medical Systems Ltd.,info@aerotel.com
Bioinfinity (M) Sdn. Bhd.,info@vibrance.com.my
"MEDEXEL CO., LTD.",sales@medexel.co.kr
ClinicAll Germany GmbH,info@clinicall.de
best medical GmbH,info@bestmedical.biz
"Penguin System Co.,Ltd.",deutsch@penguins.co.jp
Maschinenfabrik Harry Lucas GmbH + Co. KG,info@lucas-elha.de
Earth Plastics Manufacturing Company,earthplastics@earthplastics.com.hk
China Effort Ltd.,marketing2@chinaeffort.com
BioLight Medical Devices Ltd.,"info@biolightMD.com, shahat@biolightMD.com"
VANAS Medical NV,medical@vanas.eu
DEKOM Medical,anfrage@dekom-medical.de
Carmelton Company Ltd.,carmelton@carmelton.com
Active Cues B.V.,info@activecues.com
Hochschule für Gesundheit,info@hs-gesundheit.de
Dormed Medizinische Systeme GmbH,b.falticko@sonoring.de
Nex Medical Limited,marketing@nex-med.com
Medex Intl (Holdings) Limited,info@medex-intl.com
"MEDCAPTAIN MEDICAL TECHNOLOGY CO., LTD.",info@medcaptain.com
Foster Corporation,info@fostercomp.com
Golden Starry Ltd.,info@goldenstarry.com.hk
Exact Medical Manufacturing BV,cs-eu@exactmm.com
"MicroGroup, Inc.",info@microgroup.com
MedNet GmbH,info@medneteurope.com
Grossenbacher Systeme AG,medtech@gesys.ch
Deringer-Ney Inc.,info@deringerney.com
"NP Medical, Inc.",sales@npmedical.com
Value Plastics,sales@nordsonmedical.com
Dino-Lite Europe,info@dino-lite.eu
"DaPro Rubber, Inc.",sales@daprorubber.com
Fenestrae B.V.,info@fenestrae.com
"Argon Medical Devices, Inc.",oem.customerservice@argonmedical.com
CCG Testing & Certification B.V.,info@ccg-certification.com
Grandway Healthcare Limited,sales@grandway.com.hk
Medu-Scientific Ltd.,info@medu-scientific.com
NDF Special Light Products BV,sales@ndf.eu
conplement AG,info@conplement.de
Oriental Inspiration Ltd.,sales@oi.com.hk
Lasertech Chemical Machining Group s.r.l.,info@cm-italia.it
CERHUM sa,info@cerhum.com
"Jiangsu Bioperfectus Technologies Co., Ltd.",zhurong@s-sbio.com
Smartizon Medical Group Limited,info@smartizon.net
Hamamatsu University School of Medicine,chizai@hama-med.ac.jp
Sinocare Inc.,info@sinocare.com
Vincent Medical Care Company Limited,overseas.vm@vincent-raya.com
ITR Software GmbH,info@itr-software.de
Pronat Medical,sales@pronatmedical.com
Kleinmann GmbH,info@kleinmann.net
Concord Medical Limited,info@concord-medical.com
Holzmann Medien GmbH & Co. KG,info@holzmann-medien.de
Telefield Medical Imaging Ltd.,cs.imaging@telefield.com.hk
1 Masks,cyrus@1masks.com
Super Jackpot (H.K.) Int'l Ltd,enquiry@vigorprecision.com.hk
Li Wai Precision International Ltd,oversea@aquilamedical.com
ENVISEN International Limited,ryan.wong@envsien.com
MSS HK Limited,hbourgeois@mss-hk.com
Veric Biomedical Technology (Hong Kong) Ltd.,sales3@landswick.com
Brand Meditech (Asia) Co. Ltd.,sarah@brand-med.com
"Apollo RT Co., Ltd.",contact@apollo-rt.com
pn verlag Dr. Wolf Zimmermann KTM Krankenhaus Technik + Management,ktm@pn-verlag.de
International Medical Engineering Company Limited,info@alma-healthcare.com
COMED Computerorganisation in der Medizin GmbH,comed@comed-com.de
Dr. Brill + Partner GmbH Institut für Hygiene und Mikrobiologie,info@brillhygiene.com
G&G Medical Products (HK) Co Ltd,admin@gandgmed.com
Phyco-Biotech SAS,a.flage@phyco-biotech.com
BEDAL NV,alexander@bedal.be
Besco Projects BVBA,info@besco.be
STANLEY Healthcare Inc.,stanleyhealthcare@sbdinc.com
UNIRENT EDV-Systemtechnik GmbH,info@unirent.de
SOPAC MEDICAL SAS,info@sopac-medical.com
DEMCON macavi respiratory systems BV,info@macawi.com
Finapres Medical Systems B.V.,info@finapres.com
"Bionet Co., Ltd.",sales@ebionet.com
GUIDED IMAGING Mepy Benelux BVBA,EELBODE@MEPY.be
Zebra Academy CVBA,bastien.ritzen@zebra-telemedicine.com
Z&D sprl,info@boutiquedudos.be
Regulatory Compliance Associates Inc.,info@rcainc.com
Haynl-Elektronik GmbH,info@haynl.com
Bio-techne (CLINIQA Corporation),info@cliniqa.com
Alere Technologies GmbH,regina.heinze@clondiag.com
TEMCA GmbH,info@temca.eu
3QBD Ltd.,mosheg@3QBD.com
BioMed Jena GmbH Biomedizinische Technik,info@biomed-jena.de
PRO - LAB Diagnostics Ltd.,uksupport@pro-lab.com
Imutest Limited,enquiries@imutest.com
JeNaCell GmbH,info@jenacell.de
MSE (UK) Ltd.,sales@mseuk.co.uk
SureScreen Diagnostics Ltd.,response@surescreen.com
Kugler GmbH,info@kugler-precision.com
VDMA - Arbeitsgemeinschaft Medizintechnik,vdw@vdw.de
macio GmbH,info@macio.de
RoweMed AG Medical 4 Life,info@rowemed.de
PLATO AG,info@plato.de
WIBU-SYSTEMS AG,info@wibu.com
Harmonic Drive AG,info@harmonicdrive.de
Trotec Laser Automation GmbH,tld@troteclaser.com
Eoswiss-Engineering Sàrl,info@eoswiss-engineering.ch
Pittman Motors,info.pittman-motors@ametek.com
GEMÜ GmbH,info.medical@gemue.ch
"AMETEK Technical & Industrial Products, Inc. Dynamic Fluid Solutions Business Unit",info@ametektip.com
Haydon Kerk Motion Solutions,info-europe.haydonkerk@ametek.com
Hospitech Manufacturing Services Sdn. Bhd.,theresa@hospitech.net
LEONIX SDN BHD,info@leonix.my
DIPPRO SDN BHD,sales@dippro.com.my
Icecure Medical Ltd.,himelfarb@icecure-medical.com
Technische Universität Chemnitz Fakultät für Maschinenbau Professur Sportgerätetechnik,frage-an-sgt@mb.tu-chemnitz.de
MediRox AB,info@medirox.se
G-FLEX Europe Sprl,info@g-flex.com
UNFO Med ltd.,eilon@unfo-med.com
Estar Medical Ltd.,yuval@estar-medical.com
Alan & Co. s.a.,info@alan.be
Leibniz-Institut für Analytische Wissenschaften ISAS - e.V.,info@isas.de
"Fachhochschule Südwestfalen, Zentrum für Gesundheitstechnologie und Ökonomie",
MyCartis NV,info@mycartis.net
ALPHA PLAN GmbH,message_to@alpha-plan.de
Cluster InnovativeMedizin.NRW GbR,info@innovative-medizin-nrw.de
Deutscher Akademischer Austauschdienst e.V. (DAAD),postmaster@daad.de
"FOM Hochschule f. Oekonomie&Manangement Ministerium f. Wirtschaft, Energie, Ind. Mittelst. u. Handw.",studienberatung@fom.de
SPNL PRINT SDN. BHD,export2@medigraphpaper.com
CF-system BVBA,info@cf-system.com
Pangolin medical,ohad@pangolin.co.il
Westfälische Hochschule Fachbereich Elektrotechnik und angewandte Naturwissenschaften,martin.overhoff@w-hs.de
Medvigo UG (haftungsbeschränkt),info@medvigo.com
SYNABS SA,
Healthcare X.0–Tumordokumentation–ISW GmbH,medica@healthcare-xnull.de
MPV MEDICAL GmbH,info@mpvmedical.com
European Sleep Research Institute NV,info@esri.be
Anne-Lore by Van Herck,info@van-herck.be
A.K.TEK GmbH,info@ak-tek.de
@-yet GmbH,info@add-yet.de
EvU-ACTS GmbH,info@inmepro.de
item Industrietechnik GmbH,info@item24.de
Kusch+Co GmbH & Co. KG,welcome@kusch.com
RHEOSOL Wachendorff-Chemie GmbH,info@rheosol.de
"""RehaReform"" - ZIM Netzwerk AGIL GmbH Leipzig",scarbata@agil-leipzig.de
Health o meter® Professional Scales,homprocs@homscales.com
ITA Technologietransfer GmbH,info@ita-gmbh-ac.de
Cryoalfa Europe Ltd.,cryoalfa@cryoswiss.com
Dr. Junghans Medical GmbH,info@dr-junghans.de
Dr. Müller Gerätebau GmbH,info@dr-mueller-geraetebau.de
MoveoMed GmbH,info@moveomed.de
InnoME GmbH,info@innome.org
Herbalind gGmbH,info@herbalind.de
MULTISAFE SDN BHD,lzwai@beesuremedical.com
GEDmbH,ged@ged-pcb-mcm.de
Profümed Karlheinz Lohr e. K.,info@profuemed.de
Wirtschaftsförderung Sachsen GmbH (WFS),info@wfs.saxony.de
Atostek OY,mika.torhola@atostek.com
Ladiy Healthcare SDN BHD,info@ladiy2u.com
GATC Biotech AG,customerservice@gatc-biotech.com
LKL Advance Metaltech Sdn Bhd,info@lklbeds.com
Bioni CS GmbH,info@bioni.de
DSWISS SDN BHD,vincent@dswissbeauty.com
Dr. Seibt Genomics GmbH,info@dr-seibt-genomics.com
Invest Region Leipzig GmbH,
bwh Spezialkoffer GmbH,info@bwh-koffer.de
H&R Medizintechnik GmbH & Co. KG,info@bone-helix.com
GUNZE INTERNATIONAL EUROPE GmbH,info@gunze-intl.de
F. H. Papenmeier GmbH & Co. KG,info@papenmeier.de
ELISCHA Business Development,info@elischa-med.de
DITG GmbH Deutsches Institut für Telemedizin und Gesundheitsförderung,office@ditg.de
BOSANA Medizintechnik GmbH,info@bosana.de
BioCampus Cologne Grundbesitz GmbH & Co. KG,info@biocampuscologne.de
AvP Service AG,dialog@avp.de
Agentur GesundheitsCampus Bochum,info@gc-bo.de
medi1one medical gmbh,info@medi1one.de
yband therapy AG,info@ybandtherapy.com
Endoss B.V.,info@endoss.nl
ACUTRONIC Medical Systems AG,info@acutronic-medical.ch
Heng Yu Electronic Manufacturing Co. Ltd,hy_sales@hengyu-tech.com
Novioscan,jorien.de.jonge@novioscan.com
Novymed International BV,info@novymed.com
MyDiagnostick Medical BV,info@mydiagnostick.com
Micro-Serve Laboratory,info@micro-serve.nl
Heijneman Medical BV,info@heijnemanmedical.nl
GELITA MEDICAL GmbH,service@gelitamedical.com
The Rodwell Autoclave Company,autoclavesales@rodwellgroup.co.uk
Innova Biosciences Ltd,info@innovabiosciences.com
"EUROHOB (UK) Co., Ltd.",hobtingting@gmail.com
Diabetizer Ltd. & Co. KG,r.hrassnigg@diabetizer.com
Sanmina EMS Haukipudas,pekka.lamminpaa@sanmina.com
NEOFECT Co. Ltd.,sy@neofect.com
Systema Gesellschaft für angewandte Datentechnik mbH,k.girke@systema-online.de
Forschungscampus M²OLIE Mannheim Molecular Intervention Environment,info@m2olie.de
"Shenzhen Creative Industry Co., Ltd",info@creative-sz.com
"Friedrich-Alexander-Universität Erlangen-Nürnberg, Lehrstuhl für Mustererkennung / Sportinformatik",bjoern.eskofier@fau.de
ProMéxico,promexico@promexico.gob.mx
NRW.International GmbH,info@nrw-international.de
Zahnmedizinisch-Biowissenschaftliches Forschungs- und Entwicklungszentrum (ZBZ Witten GmbH),info@zbz-witten.de
IHK-NRW e.V.,info@ihk-nrw.de
Rehab-Robotics Company Ltd.,info@rehab-robotics.com
Hochschule Niederrhein Fachbereich 10 - Gesundheitswesen,sekretariat-10@hs-niederrhein.de
Vomark Technologies Inc.,info@vomark.com
Tech-NEL GmbH,babynel-bed@nel.de
Media-NEL GmbH,info@media-nel.de
PLASTIK STC SDN BHD,info@hlhightech.com
Innovation Health Partners GmbH,info@innovationhealthpartners.de
PTA Schweiz GmbH,beate.tolen@pta.ch
"Yinjing Medical Technology (Shanghai) Co., Ltd.",lucyluo@yinjing.cn
Mediunion(Hubei) Nonwoven Products Co. Ltd.,service@cehcare.com
ASSKEA GmbH,info@asskea.de
"Anhui Hongyu Wuzhou Medical Manufacturer Co., Ltd.",info@hongyu-wuzhou.com
"Hunan China Sun Medical Devices Co.,Ltd.",chinasunmedical@163.com
Endosmart Gesellschaft für Medizintechnik mbH,info@endosmart.de
OBMedical Company Corp.,info@obmedco.com
GX Systems Limited,claire.banks@gxgroup.com
EKF Diagnostics Holdings plc,info@ekfdiagnostics.com
BeWell Innovations NV,joris.wille@bewellinnovations.com
ZAO EXPOCENTRE,centr@expocentr.ru
ARQUER DIAGNOSTICS Ltd. North East Business & Innovation Centre,info@arquerdx.com
Thera Bytes UG (haftungsbeschränkt),info@therabytes.de
Biofortuna Ltd,services@biofortuna.com
Astell Scientific Ltd.,info@astell.com
BBI Solutions OEM Limited,info@bbisolutions.com
FastROI Ltd,info@fastroi.fi
Finpro oy,paivi.antila@finpro.fi
Orfit Industries N.V.,welcome@orfit.com
medbike Ds-Design BVBA,sales@med.bike
DreamTec Software Ltd,info@dreamtecsoftware.com
NAQI nv,sales@naqi.com
Vales & Hills Biomedical Tech. Ltd.,
Weiss Klimatechnik GmbH Geräte- und Anlagenbau,mediclean@wkt.com
OSCOMED GmbH,info@oscomed.de
"Lifepum Meditech Co., Ltd",info@lifepum.com
REHA FUND Sp. z o.o.,info@rehafund.pl
"Beijing D&W Medical Equipment Co.,Ltd",global@dw-medical.com
99 Technologies S.A.,info@99technologies.ch
HANA MEDIC SDN BHD,admin@hanamedicsdnbhd.com
Single Use Surgical,info@susl.co.uk
"Beijing Eternal Medical Technology Co., Ltd.",export@eternal-med.com
NAQI Belgium,info@naqi.be
"Beijing Eternity Electronic Technology Co.,Ltd",yshmed@126.com
MDD Medical Device Development GmbH,info@m-d-d.net
Beijing HongRunDa Sci-Tech Development Co. Ltd,838509481@qq.com
"Beijing Gaoxin Huakang Technology Co., Ltd",yolanda@oxylanda.com
"Bionik, Inc.",skrebs@bioniklabs.com
"Beijing Huaren HSTD CO.,LTD",bjhuaren@126.com
"Beijing KellyMed Co., Ltd.",export@kelly-med.com
Beijing Kingst Commercial & Trade Co.,mail@ekingst.com
"Beijing Rongrui-Century Science & Technology Co., Ltd.",info@reswell.com.cn
promedtheus Informationssysteme für die Medizin AG,info@promedtheus.de
DMI GmbH & Co. KG,info@dmi.de
mdc medical device certification GmbH,mdc@mdc-ce.de
asap endoscopic products GmbH,info@asap-gmbh.de
Kitron GmbH,germany@kitron.com
Medanets OY,medanets@medanets.com
KERN & SOHN GmbH,info@kern-sohn.com
Roesys GmbH,info@roesys.de
B. Science Global Aps,info@bscienceglobal.com
C&W Electronics Pte. Ltd.,eugene.sng@cnw.com.sg
Putnam Plastics Corp.,kseaward@putnamplastics.com
Landeshauptstadt Dresden Amt für Wirtschaftsförderung,wirtschaftsfoerderung@dresden.de
Maccura Singapore Pvte. Ltd.,maccura@maccura.com
"Beijing Hotgen Biotech Co.,Ltd",sales@hotgen.com.cn
Innokas Medical Ltd.,innokas@innokasmedical.fi
Intertek Deutschland GmbH,germany@intertek.com
ELvation Medical GmbH,info@elvation.de
NANO Q S.A.,particles@nanoqoloids.com
Jei Daniel Biotech Corp.,business@jdbiotech.com
März Internetwork Services AG,info@maerz-network.de
ID Information und Dokumentation im Gesundheitswesen GmbH & Co. KGaA,info@id-berlin.de
"Asia Connection Co., Ltd.",info@asiaconnection.com.tw
Angeline Group Ltd.,angeline.charles@gmail.com
Peili Vision Oy,jussi.auvinen@peilivision.fi
Dr. Henke HCMC Akademie,medica@drhenke.de
Fischer ANalysen Instrumente GmbH,fan@fan-gmbh.de
"Kao Chen Enterprise Co., Ltd.",service@softguards.com
Panpac Medical Corp.,janice.chow@panpac.com.tw
"Homecare Enterprise Co., Ltd.",kuanlong@ms65.hinet.net
Precious Mountain Ent. Corp.,sales@pmgloves.com.tw
"Rehan International Co., Ltd.",rehan@rehanbiz.com
"TAV CO.,LTD.",tim@tav.com.tw
"Alexandave Industries Co., Ltd.",alex1168@alexandave.com
"True Source Technology Co., Ltd.",ken@truesource.com.tw
"Kaiwood Technology Co., Ltd.",service@kaiwood.com.tw
"Bioptik Technology, Inc.",service@bioptik.com.tw
Rebstock Instruments GmbH,info@rebstock.de
"Wellcare Co., Ltd.",info@wellcare-global.com
Unimax Medical Systems Inc.,unimax@unimaxmeds.com
"Master & Frank Enterprise Co., Ltd.",info@master-frank.com.tw
"DELBIO, INC.",jeff.peng@deltaww.com
Innovative Medical Manufacturing Company,service@immc.com.tw
"I Caremed Co., Ltd.",sales@i-caremed.com
"Grand Healthcare Co., Ltd.",vivienne.chen@grandhealthcare.com.tw
"Derwei Textile Co., Ltd","derwei@derweitex.com.tw, derwei.evelyn@outlook.com"
Asiatic Fiber Corp.,service@asiatic.com.tw
"Colossal Career Machinery Co., Ltd.",ccmcl@ms10.hinet.net
DINGZING ADVANCED MATERIALS INC.,patricia.shen@dingzing.com
"Hsiner Co., Ltd.",sales@hsiner.com
Comfort Plus Corporation,service@comfortplus-medical.com
"SENTEQ CO., Ltd",info@senteqlife.com
Artemis Medical SA,b.delovinfosse@artemis-medical.com
"KORUST Co., Ltd.",sales@korust.com
myon AG,info@myon.ch
Elcam Medical,sales@elcam.co.il
LinkTech Quick Couplings Inc.,csr@linktechcouplings.com
Kent Systems LLC,sales@kentsystems.com
Biolene S.r.l.,luis.herrera@biolene.com
Sonovum AG,info@sonovum.de
Vivalnk,support@vivalnk.com
OSP Healthcare Ltd.,lydia@osphealthcare.com
Total Vein Systems LLC,david@totalvein.com
OncoDNA S.A.,infos@oncodna.com
Association of British Healthcare Industries Ltd.,exhibitions@abhi.org.uk
Jorgensen Engineering A/S,jorgensen@jorgensen.dk
Merit Medical OEM,meritoem@merit.com
Newmed Srl,newmed.sales@midmark.com
Hochschule Kaiserslautern,itw@fh-kl.de
Medical-X B.V.,info@medical-x.com
Rotho Advanced Solutions AG,info@r-as.ch
Icare Finland Oy,info@icarefinland.com
Dermoequipos s.r.l.,info@dermotherap.com
Qserve Consultancy BV,info@qservegroup.com
Grupo Promex,info@grupo-promex.com.ar
Oxavita SRL,info@biobarica.com
Womsurgical SRL,dr.jorgepetrone@womsurgical.com
IDEAR Investigaciones y Desarrollos Arg. SRL,export@idearsrl.com.ar
Apexar Technologies S.A. (Biotrend),tradefair@apexar.com
Eccosur,comex@eccosur.com
HANSHI Ruben Lioi,ventas@hanshi.com.ar
Histo S.A.,info@histo.com.ar
"TINAVI Medical Technologies Co.,Ltd.",zhangxuqing@tinavi.com
IMI Precision Engineering,lifesciences@imi-precision.com
BWF Thermoforms tkt Technische Kunststoff-Teile GmbH,info@bwf-thermoforms.de
SKF GmbH LAT Sales,marketing@skf.com
FRIO UK Ltd.,info@friouk.com
Sensire Ltd. Sensire,sales.sensiremed@sensire.fi
neoplas tools GmbH,info@neoplas-tools.eu
Dialife SA.,info@dialifegroup.com
Suisse Med Technologies SA,info@suissemt.com
Wet Wipe Kft,wetwipe@wetwipe.hu
Dentech BT,dentech@dentech.hu
East-Trade Ltd SafeLaser Trade,endrei.balazs@safelaser-salespartner.com
EMD Endoscope Device Manufacturing and Sales Ltd.,sales@emd.hu
Medimetal Ltd.,medimetal@medimetal.hu
TensioMed Kft,info@tensiomed.com
MDQuest Ltd.,info@mdquest.hu
THOR Research & Development Kft,thor@thorlabor.com
HandinScan Kft.,sales@handinscan.com
MedCare Kft,info@medcareltd.com
MOMERT ZRT,farkasd@momert.hu
KLIMEX Medical Ltd.,
MEDICOR Zrt.,medica@medicor.hu
Belux Group Ltd.,sales@belux.hu
SAMAPLAST AG,info@samaplast.ch
IOB Medical Inc.,info@iobmedical.com
Maucher Jenkins,marketing@maucherjenkins.com
Tec-Innovation GmbH,office@tec-innovation.com
3D MEDIVISION Inc.,hbkim@3dmedivision.com
"ZHEJIANG SCOBRY MEDICAL TECHNOLOGY CO., LTD.",kimc@188.com
"TT MOTOR (SHENZHEN) Industrial Co., Ltd",ttmotor@ttmotor.com
"Wenzhou Aochang Misawa Medical Tech. Co., Ltd.",aochang@cn-aochang.com
"Shenzhen Keyto Fluid Control Co., Ltd.",info@keytofluid.com
"Sun-Round Technology (Shenzhen) Co., LTD",liyan@sun-round.com.cn
"SHENZHEN CHINMED PLUS TECHNOLOGY CO., LTD.",raymond@chinmedplus.com
"SHANGHAI TECWELL MACHINERY CO., LTD.",czd@tecwell.com.cn
"Shenzhen Bi-Rich Medical Devices Co., Ltd.",jackie.wu@bi-rich.com
"Shanghai Mekon Medical Devices Co., Ltd.",info@mekonneedle.com
"Shanghai EXACT CO., LTD",jy@endoexact.com
"Shandong Bainus Medical Instrument Co., Ltd.",xiaoshoubu@bainus.com
"Shenzhen Carewell Electronics Co., Ltd.",info@carewell.com.cn
"Young Chemical Co., Ltd.",yuna@youngchemical.co.kr
"Tomato M&C Co., Ltd.",sales@tomatomnc.kr
"Ningbo Linstant Polymer Materials Co., Ltd",eki.yi@nblsgfz.com
"NantongEnove Precision Plastics Catheter Co., Ltd.",sales1@enove.cn
"Zhangjiagang City ALT Machinery Co., Ltd.",pch188@163.com
"E-WHA Biomedics Co., Ltd.",trade@ewhainc.co.kr
EVERAID Co. Ltd.,hq@everaid.com
"Hocer (Beijing) Medical Technologies Co., Ltd",hp.jiang@hocermed.com
MEHOW INNOVATIVE LTD.,sales@mehow.com.cn
Golden Stapler Surgical Co. Ltd,echo.xu@goldenstapler.com
"Dongguan ZSR Biomedical Technology Co., Ltd.",jessie@zsrbiomedical.com
A. Q. MEDICAL TECHNOLOGY CO. LTD.,quanhui@quanhui.net
"TDM Co., Ltd.",jinyk0414@gmail.com
"Genoss Co., Ltd.",jhshin11@genoss.com
Danyang Jincheng Medical Rubbers & Plastics Co. Ltd.,jcmedic@126.com
"Changzhou Prefluid Technology Co., Ltd",pump@prefluid.com
"Hangzhou Kangsheng Medical Instrument Co., Ltd",hzkangsheng@aliyun.com
"SurgiCore Co., Ltd.",stjun@surgicore.net
"Beijing Datsing Bio-Tech Co., Ltd.",lzl@datsing.com
"MAROON(NANJING) IM&EXPORT TRADING CO.,LTD",ZOEY@TWTNJ.COM
"Lin'an Shinehe Machanical & Electrical Technology Co.,Ltd",tom@shinehe.com
HIGHRICHJA PRECISION EXTRUSION MACHINERY,why@chinahrj.com.cn
"Anqing Kangmingna Packaging Co.,Ltd KMN Industrial Park",kmn08@kmnbz.com
"Jiangyin Nanquan Macromolecule Product Co., Ltd.",info@cnsyringe.com
"JIANGXI YEEROO INDUSTRIAL CO.,LTD","tina@kantecare.com, vivian@kantecare.com"
"Jiangyin Fanmei Medical Device Co., Ltd",info@fmsyringe.com
"Amoy Diagnostics Co., Ltd.",info@amoydx.com
"OBS Baisheng Medical Co., Ltd.",baisheng@bs0750.com
"Beijing Aerospace Changfeng Co., Ltd.",acm.ascf@acfgroup.com
"Beijing FanXing GuangDian Medical Treatment Equipment Co., Ltd.",fxgdyl@163.com
"Beijing Choice Electronic Technology Co., Ltd.",liuxin@choicemmed.com
BMC Medical Co. Ltd.,intl@bmc-medical.com
"Bowin Medical Co., Ltd.",export@bowin-med.com
"Hangzhou Tonglu Shikonghou Medical Instrument Co., Ltd.",vicky@skhtscs.com.cn
"Jiangsu Yongfa Medical Equipment Co., Ltd.",export1@chinayongfa.com
"Changzhou Lookmed Medical Instrument Co., Ltd",lookmed8@hotmail.com
"Biobase Meihua Trading Co., Ltd",export@biobase.cn
Double Medical Technology Inc.,info@double-medical.com
"Anhui Zhongke Duling Commercial Appliance Co., Ltd","vivian@zkduling.com, www.zkduling.com"
"Guangzhou T.K Medical Instrument Co., Ltd.",wjc@gtkmedical.com
"Jintan Jinyang Medical Instruments Co., Ltd.",yao@jymed.com
"Kunshan Dynmed Medical Technology Co., Ltd.",info@dynmed.cn
"MEDA Co., Ltd.","han.li@meda.com.cn, export@meda.com.cn"
"Beijing Donghuayuan Medical Equipment Co., Ltd.",1396154253@gg.com
"Beijing Kelida Medical Equipment Developing Co., Ltd.",nanfangma@126.com
"SHENZHEN COMBEI TECHNOLOGY CO.,LTD",come.best@163.com
"Beijing AK Medical Co., Ltd.",michelle_akmedical@yahoo.com
"Beijing Recovre Medical Science & Technology Co., Ltd.",gda@recovre.cn
"Beijing Shenlu Medical Device Co., Ltd.",tony@bjshenlu.com
"Beijing Ruicheng Medical Supplies Co., Ltd.",info@ruichengmedical.com
"Kernel Medical Equipment Co., Ltd.",sales08@kernelmed.com
"Bioscience (Tianjin) Diagnostic Technology Co., Ltd.",heather.zhou@bioscience-tj.com
Bytech (Dongtai) Co. Ltd.,jessica@bytech-dt.com
"Canwell Medical Co., Ltd.",export@canwell.com.cn
"Cangzhou Shengfeng Plastic Product Co., Ltd.",shengfengsujiao@163.com
"Changzhou DL Medical & Health Equipment Co.,Ltd.",dl@bandage.cn
"Changzhou Chuangjia Medical Appliance Co., Ltd.",admin@canvcan.com.cn
"Shenzhen Dongjilian Electronics Co., Ltd",vivien@dongjilian.com
"Changzhou DSB Medical Co., Ltd.",walter@dsbmedical.com
"Changzhou Health Microport Medical Device Co., Ltd.",sales@cz-hmm.com
"Changzhou Hongtai Paper Film Co.,Ltd",hti@cnhtzm.com
"Changzhou Hualian Health Dressing Co., Ltd.",chriszhou@hualiandressing.com
"Changzhou Kangdi Medical Stapler Co., Ltd",kelly.cui@kangdi-med.com
"Mianyang Meike Electronic Equipment Co., Ltd.",amyzhao@bladder-scanner.com
"Anhui Kangning Medical Products Co., Ltd",sales3@chinakn.com
"Richmat Electrics Co., Ltd.",info@richmat.com
"Shanghai Lu Xiangyi Centrifuge Instrument Co., Ltd.",info@shlxy.com
"Shanghai Keling Intern. Trading Co., Ltd",webmaster@shkeling.com
"Shanghai Flower Medical Equipment Co., Ltd.",shanghaiflower@sina.cn
"Shanghai MedGlobal Medical Technology Service Co., Ltd.",millian.mao@medbridge.com.cn
"Shenyang Canta Medical Tech Co., Ltd.",mandy@canta.con.cn
"Shengyang Endoscope Co., Ltd.",overseas@china-endoscope.com
"Shenzhen Basda Medical Apparatus Co., Ltd.",sales2@basda.com.cn
"SHENZHEN ZONDA TRADE CO.,LTD",buyer2@grandunionlogistics.com
Tianjin Xuhua Medical Equipment Factory,lilychen@xuhuamedical.com
"Shijiazhuang No.4 Pharmaceutical Co., Ltd.",bob.lee@sjzsiyao.com
"Tonglu Boruida Medical Instrument Co., Ltd.",boruida_001@163.com
"SysMed (China) Co., Ltd.",frank@sysmed.cn
"Tianjin Bolang Science-Technology Development Co., Ltd.",weihua.yang@bolangendo.com
"Tonglu Youshi Medical Instrument Co., Ltd.",export-1@china-youshi.com
"Beijing Weston Asia Pacific Opto-electric Instruments Co., Ltd.",westontech@163.com
"AccuBioTech Co., Ltd.",sales@accubiotech.com
"Anqing Baojie Packaging Co., Ltd.",2880992571@qq.com
"Anhui likang medical instrument Co.,Ltd",anhuilikangmedical@163.com
"Shunmei Medical Co.,LTD",nora@shunmed.com
Anqing Xiao Long Shan Plastics Co. Ltd.,johnson@kcepack.com
"Wuhan HNC Technology Co., Ltd",lancy@hnc.cn
"Anqing Yipak Packaging Material Co., Ltd",info@yirenpak.com
"Wuhan QSONO Electronics Co., Ltd.",sales@qsono.com
X-Link Medical Software Interfacing,garyg@x-link.info
Dongguan SIMZO Electronic Technology Co.,victor@simzo.net
CLEARUM GmbH,info@clearum.de
"Dalian Hoffen Bio-technique Co., Ltd.",liuhuan@hoffen.com.cn
"Smartdata Suzhou Co.,Ltd",sales@smartdata.com.hk
China Qingdao Bright Medical Manufacturing Co. Ltd.,export@bright-med.com
"Zhejiang Shendasiao Medical Instrument Co., Ltd.","sales@shendasiao.com, stella@shendasiao.com"
"Changzhou Zhengyuan Medical Technology Co., Ltd.",sales@zywuhua.com
"Zhongshan Jinli Electronic Weighing Equipment Co., Ltd",zhongshanjinli@sina.com
"Steve Shandong Medical Science & Technology Co., Ltd.",chinastevemedical@163.com
"B&E Bio-Technology Co., Ltd.",info@besic.com
"Wuxi Comfort Medical Equipment Co., Ltd.",sales@vg-med.com
"Ave Science & Technology Co., Ltd.",ibd.ave@c-ave.com
"Boson Biotech Co., Ltd.",info@bosonbio.com
"Hebei Handform Plastic Products Co., Ltd.",nedvidel@handform.cn
"Anhui Harmory Medical Packaging Material Co., Ltd",anhuihemeirui@163.com
"Hefei Medicon Plastic Products Co., Ltd.",sales@hfxpmc.com
"Ankon Medical Technologies Co., Ltd.",sales@ankoninc.com.cn
"Anji Sunlight Medical Products Co., Ltd.",3077956989@99.com
"Hangzhou Sprocare Medical Supplies Co.,Ltd",jason@sprocare.com
"Anshan Deshan Pharmaceutical Co., Ltd.",anshandeshan@163.com
"Jiangsu Kangjie Medical Devices Co., Ltd.",jksj@js-kj.com
GWA Hygiene GmbH,info@gwa-hygiene.de
B & J Manufacturing Ltd.,szallanyu@126.com
Fysicon B. V.,info@fysicon.com
"Hebei Hongsen Plastics Technology Co., Ltd.",cathy@titans-cn.com
Innofaith Beauty Sciences B.V.,contact@innofaith.com
"Tianjin Era Biology Engineering Co., Ltd.",marketing@era-bio.com
"Shenzhen Kaifa Technology Co.,Ltd",yixinzhong@kaifa.cn
"Suzhou Jun Kang Medical Technology Co.,Ltd.",jkyl@junkangmedical.com
QRS Healthcare B.V.,info@qrs.nl
Variopool BV,info@variopool.nl
Tyto Care Ltd.,info@tytocare.com
"Getein Biotech, Inc.",overseas@getein.com.cn
ActiveMEDI,info@solarch.fi
Beijing Hangtian Kadi Technology R & D Institute LLC,leowei@bj-htkd.com
Beijing Tigsun Diagnostics Co. Ltd.,13910692371@163.com
"Beijing M&B Electronic Instruments Co., Ltd.",safe.kathy@hotmail.com
Mobitrace BVBA,info@mobitrace.eu
"Xuzhou Kaixin Electronic Instrument Co., Ltd.",info@kxele.com
"Changzhou geasure medical apparatus and instruments Co., Ltd.",liyang@geasure.com
"Anhui Import and Export Co., Ltd",kerryjiang@yeah.net
"Apex Health Care Mfg., Inc.",sales@apexcare.com.tw
"Zhongshan Aolike Medical Equipment Technology Co., Ltd",admin@zsaolike.com.cn
Machan International Co. Ltd.,sales@bailida-medical.com
"TiMOTION Technology Co., Ltd.",allen.huang@timotion.com
"HAION Caster Industrial Co., Ltd.",service@haioncaster.com
"Ton Kea Son Co., Ltd.",su@tkscaster.com
Moteck Electric Corporation Ltd.,sales@moteck.com.tw
"Huangshan Jinfu Medical Equipment Co., Ltd.",sales01@jfmassagetable.com
"Hefei C&P Nonwoven Products Co.,Ltd",info@cpnonwoven.com.cn
"Hebei Ruinuo Medical Instrument Co., Ltd",peter.liu@ruinuo.com.cn
"Jiangsu Keling Medical Appliances Co., Ltd.",sale1@shkeling.com
"Jiangsu Zhengkang Medical Apparatus Co., Ltd.",info@china-zhengkang.com
Intersan-Plus LLC,mail@isen.ru
MONITOR Ltd.,mon@monitor-ltd.ru
"Jiangsu Changmei Medtech Co., Ltd.",sqf@czmed.com
"Doctor's Friend Medical Instrument Co., Ltd.",medical.df@msa.hinet.net
"Guangzhou Potent Optotronic Technology Co., Ltd",susie@potent-medical.com
nova motum Services & Consulting GmbH,info@novamotum.net
DYN R&D Ltd.,bio@dyn.co.il
O&M medical GmbH,info@ommedical.com
"Beijing Weili New Century Science & Tech. Deve. Co., Ltd.",export@wei-li.com
"JIAXING HAINES TEXTILE CO.,LTD.",hainestextile002@aliyun.com
"JIANLIAN HOMECARE PRODUCTS CO., LTD.",sales6@gdjianlian.com
Thunder Tiger Corp. Limited,info@ttpmp.com
"Peter's Co., Ltd.","sales@peterstechnology.com, calvinkuo@szpeters.com"
"Kontour (Xi'an) Medical Technology Co., Ltd.",zhao_yongjun@kontmed.com
"Taiwan Powder Technologies Co., Ltd.",amanda.lee@tpttw.com.tw
"Jiaxing Meson Medical Co., Ltd",wub@mesonmedical.com
"TAIWAN ALPHA ELECTRONIC CO., LTD.",sales@taiwanalpha.com.tw
Nan Ya Plastics Corporation,karltg@npc.com.tw
"SHUTER Enterprise Co., Ltd.",xp126@livinbox.com
"Koge Micro Tech Co., Ltd.",sales@koge.com
Precipart AG,solutions@precipart.ch
Uneo Incorporated,uneo@uneotech.com
"Healthy Machinery Co., Ltd.",johnson@healthyco.com.tw
Golden Bridge Electech Inc.,luca.hwang@gbe.com.tw
"Gain Den Precision Co., Ltd.",service@gainden.com
"Diann Bao, Inc.",airmac@airmac.com.tw
DFK Industrial Corp. Limited,dfk@dfk-cnc.com.tw
Cambus Corporation,cambus@ms18.hinet.net
Injeq Oy,info@injeq.com
Digifundus Oy,jouni.keltanen@digifundus.fi
"Hsin Tu Technology Co., Ltd.",sales@hsintu.com
"Adapter Technology Co., Ltd.",service@adaptertech.com.tw
Gee Hoo Industrial Corp.,s3@bodycharger-fitness.com.tw
Imediplus Inc.,ruru.liu@imediplus.com
Markstein SIchtec Medical Corporation,fd@msst.com.tw
"BESTCARE MEDICAL CO., LTD",sales@bestcare-md.com
"Azuni International Co., Ltd.",lisa.wu@azuni.com.tw
UNISOUL INC.,emma_wu@reysports.com
AViTA Corporation,info@avita.com.tw
SHC Technology Co. Ltd.,winbex.snt@msa.hinet.net
Wincomm Corporation,keiral@wincomm.com.tw
Vega Technologies Inc.,vega@vegamedical.cn
AmCad BioMed Corporation,evita.chen@amcad.com.tw
Tai Yu International Manufactory Ltd,taiyu.taiwan@taiyu-asia.com
Sun-Shine Land International Ltd.,info@sunshineland-adl.com
Abletech Orthopedics Corporation,sales@wellcare-supports.com
"Yueh Sheng Electronic Industrial Co., Ltd.",sales@yesng.com.tw
Truly Instrument Limited,healthcare@truly.com.hk
Firstep Bioresearch Inc.,info@firstep.com.tw
"EMG Technology Co., Ltd.",sales@emgtech.com.tw
"Der Sheng Co., Ltd.",info@dersheng.com.tw
FEGO Precision Industrial Co. Ltd.,sale@fego.com.tw
Oriental Resources Development Limited,ord@feg.com.tw
Diwei Industrial Co. Ltd.,diwei@diwei.com
"Jiangsu Kangyou Medical Instrument Co., Ltd.",export2@kym.cn
"Fuzhou ChangGeng Medical Devices Co., Ltd.",trade@cg-medical.com
"Hangzhou Nanyu Medical Instrument Co., Ltd",terance.fang@nanyu-medical.com
HEFEI JINGCHENG PLASTIC PRODUCTS CO.LTD,sales1@jcfzzb.com
"Hebei Guohua Latex Products Co., Ltd.",guohua@ghrjzp.com
"Pintoli Enterprise Co., Ltd.",service@pintoli.com
"Hefei JSM Nonwoven Products Co.,Ltd",sales@ahjsm.com
"Jiangsu Kaishou Medical Apparatus Co., Ltd.",kaishou@kaishou.com.cn
"Jiangsu Reak Healthy Articles Co., Ltd.",info@cnreak.com
BioCare Corporation,sales@biocare.com.tw
Taigen Bioscience Corporation,ribose@taigen.com
"Gemore Technology Co., Ltd.",service@gemore.com.tw
"Heze Juxinyuan Food Co., Ltd.",joyce@zgjxyjt.com
Roodinseat Corp.,brian@fashionseat.com
Rossmax InnoTek Corp.,ling_leonard@rossmax.com
"MD Biomedical, Inc.",rebecca.lin@mdbiomedical.com
HIVOX BIOTEK INC.,linda.lin@hivox-biotek.com
"Medihightec Medical Co., Ltd.",sales@medihightec.com
"Olympia Global Co., Ltd.",info@tradewinds.com.tw
The University of Tokyo,TRIP@umin.ac.jp
nu-beca & maxcellent Co.,ariel.wang@nu-beca.com
"Jumpers Biotech Co., Ltd.",victor@jumpers.com.tw
"Kinpo Electronics, Inc.",
"Zhangjiagang Medycon Machinery Co., Ltd.",sales@medycon.com
Melten Corporation,nessa.chang@melten.com
"Healthy Medical Development Co.,Ltd",cfqgrace@163.com
Atlas Copco Medical Ltd. t/a Pneumatech Medical Gas Solutions,martin.berry@p-mgs.com
JIANGSU JINYI INSTRUMENT TECHNOLOGY COMPANY LIMITED,sale5@jinyi17.com
Better Life Solutions Ltd.,joyce.hsiao@ychind.com
HITEN NONWOVEN HEALTHCARE PRODUCTS (HUBEI) LTD.,steven@hiten.com.cn
"Henan Huibo Medical CO., LTD",berniefeng@hbmed.com
LOK Corporation Ltd,info@lok-corporation.com
SOS Center Ltd. SOS Központ Kft.,info@soskozpont.hu
"Hopefinder Polymer Sci. & Tech. Co., Ltd",medpvc_trade@hopefinder.cn
American Preclinical Services,sales@apsemail.com
"Huaiyin Medical Instruments Co., Ltd.",ruthnew@163.com
INOMED HEALTH LIMITED,saf.ali@inomedhealth.com
"Hubei Haixin Protective Products Group Co., Ltd",tessy@hh-haixin.com
"Guangdong Baihe Medical Technology Co., Ltd.","lh@baihemedical.com, able@baihemedical.com, ykf@baihemedical.com"
Mega Ltd.,megakft@megakft.com
"JIANGSU JDC MEDICAL DEVICES CO.,LTD","sales@jdcmed.com, gdkmed@163.com"
"Hunan Handlike Minimally Invasive Surgery Co., Ltd.",penny@handlike.com.cn
ORSAtec GmbH,info@eukitt.de
"Jiangsu Webest Medical Product Co., Ltd.",jessica@cnwebest.com
engine GmbH,info@engine-gmbh.de
biotechrabbit GmbH,info@biotechrabbit.com
"FOSHAN CITY SHUNDE TOPLIFE ELECTRONIC TECHNOLOGY CO., LTD",belindallf@126.com
Diagnostik-BB GmbH,info@diagnostik-bb.de
"Jiangsu BaiDe Medical Instrument Co., Ltd.",edwipan@bd-ortho.com
eg technology Ltd,info@egtechnology.co.uk
U-Join Company Ltd.,uj.join@msa.hinet.net
GBUK Ltd,info@gbukgroup.com
Shantys Ltd.,shanty@shantys.com
i4 Product Design Ltd.,enquiries@i4pd.co.uk
Medis Medical (UK) Ltd,tonyt@medis-medical.com
MG Electric (Colchester) Ltd.,sales@mgelectric.co.uk
Surtex Instruments Ltd.,sales@surtex-instruments.co.uk
Sutures Limited,sales@sutures.co.uk
DDC Dolphin Ltd.,info@ddcdolphin.com
Preventis GmbH,info@preventis-online.de
Teal Patents Ltd,enquiries@tealwash.com
Advanced Medical Solutions Ltd,info@admedsol.com
C-LA Europe Limited,info@claeurope.eu
Screentec Oy,info@screentec.com
"Nantong Renon Laboratory Equipment Co., Ltd.",15335088162@163.com
FocalSpec Ltd.,info@focalspec.com
Securetec Detektions-Systeme AG,info@securetec.net
Biodex Medical Systems Inc,info@biodex.com
"Shenzhen Delica Medical Equipment Co., Ltd.",intl@delicasz.com
WearHealth,hello@wearhealth.com
AvailabilityPlus GmbH,contact@docraid.com
CompuGroup Medical Deutschland AG Geschäftsbereich Arztsysteme,britta.keimes@cgm.com
"Guangdong Haiou Medical Apparatus Stock Co., Ltd",medical@haiou.net.cn
Wuxi Jiajian Medical Instrument Co.Ltd,sales@jiajian-healthcare.com
"XIANTAO TIANSHI INDUSTRY CO., LTD",8086544@qq.com
"Guangzhou Owgels Science & Technology Co., Ltd.","yuanfeng@owgels.com, alfred.yuan1@gmail.com, zhangmeng@owgels.com"
XIANTAO LONGWIN MEDICAL PRODUCTS LTD,bill.ba@lwmed.com
"FOSHAN TONGHE MEDICAL TECHNOLOGY CO.,LTD","doris@thmed.cn, sales-exp@thmed.cn"
"Wuxi Wemade Healthcare Products Co.,Ltd","brucewang@wmdmedical.com, sares3@wmdmedical.com"
Guangzhou Aquila Precise Tools Limited,2880992562@qq.com
"GUANGZHOU KOFA BIOTECHNOLOGY CO.,LTD.",kofa185@126.com
"WUHAN CARESTAR PROTECTIVE PRODUCTS CO.,LTD",2691594307@qq.com
"ZHEJIANG ANJI HUIFENG SURGICAL DRESSINGS Co.,Ltd",office@hzhuifeng.com
"Zhejiang Kanshi Medical Devices Co., Ltd.",gracekangshi@yeah.net
"XIANTAO XINRI PROTECTIVE PRODUCTS CO.,LTD",cybilzhai@outlook.com
"Zhong Yang (Huizhou) Technology & Trading Co.,Ltd.",medical2@foryougroup.com
Suzhou Kangli Orthopedics Instrument Co. Ltd.,sales3@kang-li.cn
"Wuhan Dymex Healthcare Co., Ltd",bill@dymexhealthcare.com
"GUANGDONG TIDAKANG MEDICAL TECHNOLOGY CO.,LTD",cnzkd@163.com
"Xiantao Jialing Medical Products Co.,Ltd",angel.d@jialingmedical.com
"Hangzhou Freer Tech Co., Ltd",mary@freer-hz.com
"Shanghai Shenwang Radiation Protective Equipment Co., Ltd.",jasmine.hou@swshenwang.com
"Jiangsu Yizheng Carepro Medical Instruments Co., Ltd.",cherryzhang@carepromedical.com
"Shanghai Kinmed Import & Export Co., Ltd.",sales@chinakinmed.com
"Shanghai Hengyue Medical Instruments Co., Ltd.",caitin@hengzi.com
"Shanghai Carefix Medical Instrument Co., Ltd",ritawang1116@163.com
"Jiangsu BE-SAFE Medical Technology Co.,Ltd",bartizan@163.com
"Nanjing Yakeou Import & Export Trade Co., Ltd.",info@bscoton.com
Labrox Ltd,ida.erling@labrox.fi
"HUBEI ZHONGJIAN MEDICAL PRODUCTS CO.,LTD",hbzj@hbzjmedical.com
"NINGBO HAISHU HAORUN MEDICAL DRESSING CO.,LTD.",eva@haorunmedical.com
"Hunan Luzhou Huikang Development Co., Ltd",kitty@hnlzhk.com
"Guangzhou Upreal Medical Science Technology Co., Ltd",upreal2007@hotmail.com
"Nanchang Kaimed Medical Apparatus Co., Ltd.",rona_zuo@163.com
"Shanghai Gaoqi International Trade Co., Ltd",shkangren@gmail.com
"Shandong Haichun Bio-Technology Co., Ltd",haichun8913@163.com
Shandong Chengwu Medical Products Factory,maviswang@chengwumedical.com
"Shandong Zibo Shanchuan Medical Instrument Co., Ltd.",dipmed@yahoo.com
"Shanghai Microport Medical (Group) Co., Ltd.",ljbao@microport.com
"Shanghai Outai Medical Equipment Co., Ltd.",appleguliwen@163.com
DiaSorin Molecular LLC,
"Suzhou Suning Underpad Co., Ltd.",helen_zhang@sn-anpa.com
"Suzhou Sunmed Co., Ltd.",sales@szsunmed.com
"Tianjin Bai Lixin Bio-Tech Co., Ltd.",tjblx@tjblx.com
Tianjin Grand Paper Industry Co. Ltd,victor_zhao0315@163.com
"Tairee Medical Products Co., Ltd.",info@taireemedical.com
"Tongye Technologies Development Co., Ltd.",sophia@tongye.com.cn
"Tianjin Walkman Biomaterial Co., Ltd.",sean.chen@pwmedtech.com
"Topwin Medical Industry Co., Ltd.",hill@topwinmed.com
"Tianjin Bluesnaca Medical Device Co., Ltd.",gao@bluesnaca-china.com
"Weihai Hongyu Medical Devices Co., Ltd.",export@hongyumed.com
"Weifang Kanghua Biotech Co., Ltd",2511522131@qq.com
"Kindwell Medical Equipment Co., Ltd.",info@kindwellmedical.com
"Weihai Strongmedical Sci.-Tech. Co., Ltd.",ruidu.china@outlook.com
"Wuhan W.E.O. Science & Technology Development Co., Ltd.",marketing@whweo.com
"Botec Medical Innovation Co.,Ltd.",shirley.xie@botec-med.com
"Wuxi Biot Biology Technology Co., Ltd.",biotcollagen@163.com
"Wuxi Medcare Instrument Co., Ltd.",wuximedical@vip.126.com
wuxi medical instrument factory,wxmedical@vip.126.com
R1 SUTURE,info@r1suture.com
"Xiamen Senyang Co., Ltd",dh@medicalxm.com
Xiamen Winner Trade Co. Ltd.,info@winner-medi.com
"Xian Tao Crosscare Protective Co., Ltd",wangtaodarcy@126.com
"Xiantao Deming Healthcare Products Co., Ltd.",leo.liao@xtdeming.net
"Xiantao lingyang plastic co.,ltd",whitney@xtlingyang.com
"Kunshan Hi-Fortune Health Product Co., Ltd",lance@hi-fortune.net
Leboo Healthcare Products Limited,sales@leboo.com.cn
"Lepu Medical Technology (Beijing) Co., Ltd.",international@lepumedical.com
Distrilab Particle Technology B.V.,info@distrilab-particles.com
Sontara AG,nonwoven@sontara.com
Ultrasound Technologies Ltd.,sales@doppler.co.uk
"Meifu Medical Technology Suzhou Co., Ltd.",sales1@mf-medical.com
"Linyi 2H Healthcare Products Co., LTD",sales@ak2h.com
"Xi'an Jizhi medical Science Technology Co.,Ltd",jackgao1206@126.com
"Mudanjiang Plasma Physical Application Technology Co., Ltd.",export_0@bjderun.com
"Nanchang Ganda Medical Devices Co., Ltd.",sharon@ncganda.com
"XIANTAO YONGLI MEDICAL PRODUCTS Co., Ltd.",panglie@yonglixt.com
"SELVAS Healthcare, Inc.",accuniq@selvas.com
"Alton (Shanghai) Medical Instruments Co., Ltd.",info@alton.om.cn
"Zhuhai Pusen Medical Technology Co., Ltd",
Levabo ApS,info@levabo.dk
CEREPHARMA SA,info@cerepharma.com
"Xuhua Medical Imp. & Exp. Trading Co., Ltd.",david@xuhuamedical.com
"Shanghai Peony Medical Technologies Co., Ltd.",zhangke@peony-medical.com
Zilico Ltd.,info@zilico.co.uk
"Shanghai Sanyou Medical Co., Ltd",wengi.shen@sanyou-medical.com
Medisit BV,info@medisit.nl
"Shanghai Prema International Trade Co., Ltd.",daisy@shprema.com
Ice Power,info@fysioline.fi
"iXensor Co., Ltd.",info@ixensor.com
"Shanghai Xin Chang Memory Alloy Tech Co., Ltd.",744506261@qq.com
"Shanghai Yanshun Scope Parts & Accessories Co., Ltd.",menglei@yanshun-sh.com
Diagnoptics Technologies BV,sales@diagnoptics.com
Fu Shun Hsing Technology Co. Ltd.,cogent@fsh.com.tw
"Shanghai Yescomed Enterprise Co., Ltd.",medical@yescomed.com
"Qingdao DMD Medical Technology Co., Ltd",nicki@dmd-tech.com
"Shanxi Jerry Medical Instrument Co., Ltd.",sales@sxjerry.com
"Shaoxing Yibon Medical Co., Ltd.",yibon@yibon-medical.com
"Shenyang Qianhui Medical Equipment Co., Ltd",shenyangqianhui@163.com
"Shaoxing Undis Medical Technology Co.,Ltd",info@undis.cn
"Shenyang Shenda Endoscope Co., Ltd.",overseas@china-endoscope.com
Life Semantics Inc.,yj.kim@lifesemantics.kr
"CHIRANA T. Injecta, a.s.",info@t-injecta.sk
"Nanjing Huarui Medical Apparatus Co., Ltd.",info@nj-hr.com
"Ningbo Foyomed Medical Instruments Co., Ltd",products@foyomed.com
"Ningbo ProWay Optics & Electronics Co., Ltd.",proway@proway-microscope.com
Prometheus Inc.,brian.chen@prometheusbio.com
IMAGE Information Systems Europe GmbH,info@image-systems.biz
"Qingdao Likangyuan Medical Device Co., LTD.",info@chinalikangyuan.com
"Royal Fornia Medical Equipment Co., Ltd.",fornia@rfornia.com
Sansure Biotech Inc.,ningw@sansure.com.cn
"Sanxin Medicine Co., Ltd",lnsxmed@163.com
Scanmed (China) Ltd.,export@scanmed-cn.com
"Shandong Cheerain Medical Co., Ltd.",cheerain@cheerain.com
Sooma Oy,info@soomamedical.com
Puma Industrial Co. Ltd.,sales@puma-medical.com
Footbalance System Ltd.,info@footbalance.com
Zytomed Systems GmbH,international@zytomed-systems.de
in.vent Diagnostica GmbH,info@inventdiagnostica.de
"Roosin Medical Co., Ltd.",rainwang@roosin.com
IKDT Institut Kardiale Diagnostik und Therapie GmbH,office@ikdt.de
Anteo Technologies Pty Ltd.,contact@anteotech.com
"Shanghai Kinbio Tech Co., Ltd.",int-sales@goldbio.cn
Clinaris Process Management GmbH,info@clinaris-process.de
"Mega Medical Co., Ltd.",hdseo@megamedical.co.kr
Momentum BioScience Limited,info@momentumbio.co.uk
EndoCure Technologies Inc.,
Lifeline Medical Supplies,
"Yancheng Gaoju Plastic Co., Ltd",gaoju@gjsuye.com
"Yangzhou Medline Industry Co., Ltd.",sales@cnmedical.net
"Yangzhou Perfect Daily Chemicals Co., Ltd.",sales@perfctwetwipe.com
"Yangzhou Super Union Medical Material Co., Ltd.",info1@ysumd.com
Art of Technology AG,info@aotag.ch
IE Group,zuerich@ie-group.com
Bangerter Microtechnik AG,info@bangerter.com
GlencaTec AG,info@glencatec.com
Weidmann Medical Technology AG,info-medical@wicor.com
Diener AG Precision Machining,info@diener-ag.com
Safegard Medical (Hungary) Kft,sales@safegardmedical.hu
Fraunhofer IGD e.V. TakeCare,
Physeon GmbH,info@physeon.com
"Yuxintang Pharmaceutical Co., Ltd.",yuxintang1@163.com
"Yuhuan Country Shengbo Mould Manufacturing Co., Ltd.",alan.zhou818@vip.163.com
BIOMETRIC CABLES,info@biometriccables.com
Shenzhen Association of Medical Devices,medicalshow@samd.org.cn
"Sino Medical-Device Technology Co., Ltd.",info@sinomdt.com
"ZHANGJIAGANG SHENGANG MEDICAL PRODUCTS CO., LTD.",kimiqin@163.com
"Shenzhen Well.D Medical Electronics Co., Ltd.",zou@welld.com.cn
"Zhejiang Bangli Medical Products Co., Ltd.",bl15@ykbangli.com
"Shenzhen Upnmed equipment Co., Ltd",fair@upnmed.com
"Shenzhen Homed Medical Device Co., Ltd.",info@homedgroup.com
"BORSAM Biomedical Instruments Co., Ltd.",maodh@bioxtime.com
"Zhejiang Hongchang Machinery Co., Ltd.",hcjx@vip.163.com
"Zhejiang Sujia Medical Device Co., Ltd.",sujia18@zjsj.com.cn
Dagatronics Corporation,dg@dagatron.com
"VDO MEDICAL (SHANGHAI) CO.,LTD.",info@vdomedical.com
"Shenzhen Pango Electronic Co., Ltd.",sales2@pan-go.com.cn
"Healcerion Co., Ltd.",info@healcerion.com
Invest in Skane AB,thomas.areschoug@skane.com
BioTeZ Berlin-Buch GmbH,info@biotez.de
Zhongke Meiling Cryogenics Co. Ltd.,zkmeiling@zkmeiling.com
"Shenzhen Yhlo Biotech Co., Ltd.",info@szyhlo.com
Fraunhofer IZI-BB e.V.,ivd-platform@izi-bb.fraunhofer.de
"Shenzhen Raycome Health Technology Co., Ltd.",tommy@raycome.com
IMMS GmbH,balazs.nemeth@imms.de
"Shenzhen Talecare Technologies Co., Ltd. Ltd.",sales@talecare.com
"Union Medical Shenzhen Co.,Ltd.",nancy@unionmed.net
"Shenzhen Med-link Electronics Co., Ltd.",sales@med-linket.com
"Shenzhen Ant Medical Device Co., Ltd.",info@antmed.com
SCIENION AG,support@scienion.de
"Shenzhen Acurio Instruments Co., Ltd.",well@acurio.cn
"Unimicro Medical Systems Co., Ltd.",info@unimicromed.com
"Shenzhen Better Life Electronic Technology Co., Ltd.",michaelzheng@haoyisheng.net
MTS Medical UG,sales@mts-medical.com
"4L Health Co., Ltd",info@foryounpwt.com
Yashraj Biotechnology GMBH,mukesh@yashrajbio.com
"Shenzhen MedKe Technology Co., Ltd.",info@medke.com
"Shenzhen Baoan Medical Supply Co., Ltd",boon@szboon.com
"Copper Medical Technology Co., Ltd.",info@coppercn.com
"Medicare Co., Ltd. Shenzhen",mkd1360@126.com
HuiZhou Xzing Technology Ltd. Co.,info@xzing-tech.com
Unimed Medical Supplies Inc.,info@unimed.cn
"Shenzhen Oriental Science & Tech. Co., Ltd.","ostd@con-ost.cc, osta@con-ost.cc"
"Shenzhen Pump Medical System Co., Ltd.",marketing@bpump.com.cn
"Shenzhen Caremed Medical Technology Co., Ltd.",cm001@szcaremed.com
"Shenzhen Browiner Tech Co., Ltd.",market@browiner.com
"Shenzhen Elmmedicare Co., Ltd.",emme2006@elmmedicare.com
Crony Instruments S.r.l.,sales@crony.it
Nanchang Biotek Medical Technology Co. Ltd.,steve_rao@biotek-cn.com
Weony Industrial Limited,autumn@weony.com
"JKH Health Co., Ltd.",info@jkhhealth.com
"Hangzhou Nanyu Medical Instrument Co., Ltd",terance.fang@nanyu-medical.com
"Shenzhen Jamr Medical Technology Co., Limited",bpmonitor@sagehuman.com
"Shenzhen Hwatime Biological Medical Electronic Co., Ltd",sales@hwatime.com
"Shenzhen Everbest Machinery Industry Co., Ltd.",cemyjm@cem-instruments.com
BRYMILL CRYOGENIC SYSTEMS,brymill.internationalsales@gmail.com
SU BIYOMEDIKAL SISTEMLER VE SAG. HIZM. SAN. VE. TIC. LTD. STI,info@submed.com.tr
Aurum Biomedical Technology Inc.,info@aurumbio.com
Altera Dis Tic A.S.,info@altera.com.tr
CENTRUM DIS TICARET VE ELEKTRONIK SANAYI LTD. STI.,
Suzhou AND Science & Technology Development Corp.,jessica@andtosi.com
R-VENT MEDIKAL URETIM A.S.,gokce.simsek@rventmedikal.com
Doratek Medikal Elektrik Makina Imalati turizm Ins. San. ve Tic. Ltd. Sti.,info@doratek.net
Detroks Kimya ve Saglik Ürünleri Ürt. Dag. Hiz. San. Iç ve Dis Tic. Ltd. Sti.,info@detrox.com.tr
Altaylar Medical Tibbi Malz. Ins. Teks. Gida Ith. Ihr. San. ve Tic. Ltd. Sti,info@altaylarmedikal.com
ABC Tip Saglik Spor Malz. Teks. Turizm Ins. San. ve Tic. Ltd. St.,info@abcteks.com
Broche,info@brochemedical.com
Gladius Medikal Sanayi ve Tic Ltd,info@gladiusmed.com
Honnes Healthcare & Industrial Products Inc.,info@honnes.com
KAPSAM SAGLIK URUNLERI INSAAT TAAHHUT TURIZM VE TIC. LTD. STI,info@kapsamsaglik.com.tr
Hünkar Ecza ve Medikal San ve Tic Ltd. Sti.,info@hunkarmedikal.com
Konfort Ozel Saglik Hizmetleri Tibbi Mal San ve Tic Ltd Sti,info@confortostomi.com
KNGMED MEDICAL CO. LTD.,kng.info@yahoo.com
KÖSEMED ORTOPEDI SAN VE TIC. ITH. IHR. A.S.,kosemed@kosemed.com
MEDICRAFT MEDICAL SYSTEMS INC.,info@medicraft.com.tr
Yasir Teker Medoffice Tibbi Malzeme Tekstil Kimya Ith. Ihr. San. ve Tic.,info@medoffice.com.tr
Philips Healthcare BV,healthcare.deutschland@philips.com
MIXTA TIBBI CIHAZLAR VE DONANIMLARI ULUSLARARASI TAAHHUT TIC. SAN. A.S.,info@mixta.com.tr
Necati Kaya Tibbi Cihazlar Ith. ve Ihr. San. ve Tic. Ltd. Sti,info@steristar.com
Ninova Neurotechnology R&D Co.,info@ninova.io
Norvamed Medikal Saglik Hizmetleri Insaat Imalat San. Ith. Ihr. Tic. Ltd. Sti.,info@norvamedical.com
ORKAN TURIZM SERBEST BOLGE PAZARLAMA ANONIM SIRKETI,info@orkanmedikal.com
NOVAMEDTEK MEDIKAL LTD. STI.,sales@novamedtek.com
ORTOBIOMED MEDIKAL KIMYASAL BIYOLOJIK TIBBI URUN URETIM INS. GIDA ITH. IHR.LTD,info@ortobiomed.com
Paksel Kimya Sanayi ve Ticaret A.S.,web@paksel.com.tr
POLIMOT LINEER HAREKET SISTEMLERI VE MEKATRONIK SAN. TIC. LTD. STI.,info@polimot.com
"Softomed Medical Integrated Systems Int. Trade Co., Ltd.",info@softocarts.com
Polmed Medical Ortopedi ve Kimya Sanayi Ltd. Sti.,info@polmed.com.tr
MEDNETIC-TECHNOCAST OTOMOTIV SAN VE TIC A.S.,info@mednetic.com.tr
Perineologic,corbinclinical@me.com
Get Real Health,info@getrealhealth.com
baholzer Endoskopie-Systeme GmbH & Co. KG,info@baholzer.de
"LKC Technologies, Inc.",sales@lkc.com
EdgeOne Medical Inc.,info@edgeonemedical.com
DTR Medical Ltd,info@dtrmedical.com
Best of New England State of New Hampshire Office of International Commerce,itrc@dred.state.nh.us
Best of New England/State of Vermont,katie.corrigan@vermont.gov
Formacoat LLC,info@formacoat.com
International Life Science International Enterprises LLC ILSE,
"Polymed Therapeutics, Inc.",sales@polymedt.com
China TCM Trading GmbH,info@chinatrading.ch
Glyconet Berlin Brandenburg e.V.,glyconetbb@gmail.com
Wonju Medical Industry Techno Valley Incorporated Foundation,sychoi@wmit.or.kr
Fraunhofer-Institut für Integrierte Schaltungen IIS,info-bmt@iis.fraunhofer.de
Vannin Healthcare Ltd,info@vanninhealthcare.com
Rober Ltd,enquiries@roberlimited.com
"Shandong Kangli Medical Equipment Technology Co., Ltd.",kangli_cn@263.net
INVIDIA MEDICAL GmbH & Co.KG,info@invidia-medical.de
"Shenzhen Vivolight Medical Device & Technology Co., Ltd.",sales@vivo-light.com
GA Generic Assays GmbH,info@generic-assays.com
LABS BIOPHARME FRANCE SAS,hn@laboratoirebiopharme.com
Buddy Healthcare Ltd Oy,care@buddyhealthcare.com
Wuhan Huachengtrumph Medical Technology Lei Zhang,
Leibniz-Institut für Plasmaforschung und Technologie e.V. (INP Greifswald),welcome@inp-greifswald.de
"Tipmed Medical Device Manufacturing Co., Ltd.",info@tipmed.com
Varimed Medikal San. ve Tic. Ltd. Sti.,info@varimed.com.tr
Zimed Medical San. ve Tic. Ltd. Sti.,export@zimed.com.tr
Naturland Europe GmbH,violetta.nagy@naturland.eu
"RTM Diagnostics, LLC",rtm@radiometry.ru
DuPont de Nemours (Luxembourg) S.a.r.l.,madeleine.maire@dupont.com
VIDIMSOFT bvba,info@vidimsoft.com
Euroleki GK Sp. z o.o. Sp. k.,euroleki@euroleki.eu
"Tetracore, Inc.",admin@tetracore.com
"ViroStat, Inc.",doug@virostat-inc.com
LP Medical Consulting Sagl,luca@lpmedical.com
Massachusetts Medical Device Industry Council (MassMEDIC),info@massmedic.com
RVC A.O.,info@rusventure.ru
MedicalMountains AG,info@medicalmountains.de
Ilion Medical Inc,
ALCOR Scientific Inc.,info@alcorscientific.com
GERGONNE INDUSTRIE S.A.S.,adhesive-tapes@gergonne.com
BEWATEC Kommunikationstechnik GmbH,info@bewatec.com
"TWOWIN PHARMA Co., Ltd.",
"American Plastics Technologies, Inc",raodesign@aol.com
"Jiangyin Hongmeng Rubber Plastic Product Co., Ltd.","wuhongqing@jiangyinhongmeng.com, abby@jiangyinhongmeng.com"
XENON Automatisierungstechnik GmbH,mail@xenon-automation.com
PrimeBioMed LLC,info@primebiomed.ru
ACME TEK Medical Devices International Ltd.,hanjianhui@acme-tek.cn
"Shanghai Poyton Industry Co., Ltd.",poyton@poyton.com.cn
MPS Roding GmbH,info@mps-roding.de
"Shanghai SA Medical & Plastic Instruments Co., Ltd.",mandy@sa-med.net
NAPOLY LLC,info@napoly.info
"Qingdao Medlight Co., Ltd.",2586076102@qq.com
"ExoAtlet, LLC",k.bereziy@exoatlet.ru
"Brain Beat, Ltd",info@brainbeat.ru
Shenzhen Kinca Medevice Co.,sales@szkinca.com
"Shijiazhuang Runlong Filter Materials Co., Ltd.",info@chinaporousfilters.com
"Ruian Sunnyworld International Trade Co., Ltd.",manny@sunnyworld.cn
"Ningbo Sender Medical Technology Co., Ltd.",info@cnsender.com
MicroDiscovery GmbH,arif.malik@microdiscovery.de
Stamm & friends GmbH,
"Zhejiang GeYi Medical Instrument Co., Ltd.",geyimedical@gmail.com
"Ningbo Multi-way Medical Co., Ltd",173165541@qq.com
ATTOMOL GmbH Molekulare Diagnostika,info@attomol.de
"Changzhou Cornwall Medical Devices Co., Ltd.",sales@cornwallmed.com
Prima Lab SA,sales@primahometest.com
"Jiangsu Yabang Teamlong Polymer Co., Ltd.",sales@team-long.com
BST Bio Sensor Technology GmbH,info@bst-biosensor.de
August Reuchlen GmbH,info@reuchlen.com
ConsulTech Technologieberatung GmbH,info@consultech.de
POLYCART MEDICAL LTD,menachem@polycartt.com
Viscofan BioEngineering a Business Unit of Naturin Viscofan GmbH,contact@bio.viscofan.com
Strubl GmbH & Co. KG Kunststoffverpackungen,strubl@strubl.de
HealthCapital Berlin-Brandenburg Berlin Partner für Wirtschaft und Technologie GmbH,info@healthcapital.de
DBK EMS GmbH & Co. KG,info@dbk-group.com
Cybertron GmbH,info@cybertron.berlin
Spektikor Oy,info@spektikor.com
Uniray Medical LLP,shivram@uniraymedical.com
Membrapure GmbH,info@membrapure.de
SAB Bröckskes GmbH & Co. KG,info@sab-broeckskes.de
Kaivogen Oy,info@kaivogen.com
opTricon GmbH,info@optricon.de
"Hebei HongSen Plastics Technology Co., Ltd.",cathy@titans-cn.com
PolyAn GmbH,mail@poly-an.de
HUBEI JUNYAN MEDICAL SCIENCE & TECH,
senetics healthcare group GmbH & Co. KG,info@senetics.de
PX Précimet SA,pxprecimet@pxgroup.com
Steiger Galvanotechnique SA,info@steiger.ch
"Hangzhou Shanyou Medical Equipment Co., Ltd.",sale@symedi.com
"Jiangsu Shenli Medical Production Co., Ltd.",
E-Way International Biotechology Development Limited,Rose.xu@cnyiwei.com
preclinics Gesellschaft für präklinische Forschung mbH,info@preclinics.com
Seramun Diagnostica GmbH,info@seramun.com
COMELEC SA,admin@comelec.ch
sifin diagnostics gmbh,info@sifin.de
Alphagate Automatisierungstechnik GmbH,office@alphagate.eu
kdg Opticomp c/o kdg mediatech GmbH,opticomp@kdg.at
Universität Potsdam Potsdam Transfer,messeservice@potsdam-transfer.de
ZytoVision GmbH,info@zytovision.com
Valukumpu Oy,firstname.lastname@valukumpu.fi
MEDIAGNOST GmbH,contact@mediagnost.de
Tech Mahindra Limited,ies_marketing@techmahindra.com
A&G Ltd.,ag@ag.ee
"Chengdu Puth Medical Plastics Packaging Co., Ltd.",hina-ruongs@hotmail.com
Shandong Yaohua Medical Instrument Corporation,caryli001@sina.com
"Chengdu Rich Science Industry Co., Ltd.",cdrichtrade@163.com
"Shandong Lianfa Medical Plastic Products Co., Ltd.",henry@lianyingchina.com
"Weihai Sunway Medical Technology Co., Ltd",sales@sunway-medical.com
"Zhejiang Aicor Medical Technology Co., Ltd.","export@chinaaicor.com, simon.bao@chinaaicor.com"
"Zhejiang Gongdong Medical Technology Co., Ltd.",david@chinagongdong.com
"Hebei Xinle Sci&Tech Co., Ltd.",hbxinle005@hbxinle.net
"Qingdao Hightop Biotech Co., Ltd.",info@hightopqd.com
"Shanghai Iven Pharmatech Engineering Co., Ltd.",graven@pharmatechcn.com
"Xiamen New Concept Medical Technology Co., Ltd",overseas@nc-mt.com
"Xi'an Tianlong Science and Technology Co., Ltd.",liyanfeng@medtl.com
Jiangxi Medicines And Health Products Imp. And Exp. Co.Ltd.,moganda@vip.tom.com
"Jiangsu Province Jianerkang Medical Dressing Co., Ltd.",jeksrp123@163.com
"Ningbo Win-Win Medical Instruments Co., Ltd.",376497768@qq.com
"Changzhou Huichun Medical Equipment Co., Ltd.","huichun@huichun.cn, storyvon@huichun.cn"
"Qingdao Bright Moon Biomedical Materials Co., Ltd.",xiaofei@bmscn.com
"Hangzhou Singclean Medical Products Co., Ltd.",sales@hzxhe.com
"TAIZHOU JINHONG MEDICAL CO., LTD",luning@jinhongfl.com
Suzhou Texnet Co. Ltd.,wuyuan@suzhoutexnet.com
"Suzhou Ryan Nanomedicine Co., Ltd.","lisa.du@ryannano.com, fangfang.wang@ryannano.com"
"Shandong Jingxin Nonwoven Products Co., Ltd.",jingxin_nonwoven@163.com
"Zibo Hongyeshangqin Plastic & Rubber Co., Ltd.",james@hysq.com.cn
"Anji Yuandong Medical Products Co., Ltd.",ydmed@ydmed.com
"Shinva Ande Healthcare Apparatus Co., Ltd.","trade@andemed.com, cherish@andemed.com"
"Shandong Dermcosy Medical Co., Ltd.",bing@dermcosy.com
"Xiantao Zhongtai Protective Products Co., Ltd.",sam@xtzhongtai.com.cn
"Life Medical Equipment (Guangzhou) Co., Ltd.",lifeiso@lifeiso.com
"Shanghai Pudong Jinhuan Medical Products Co., Ltd.",jhlisagao@yeah.net
"Jiangxi Vista Enterprise Co., Ltd.",liaohui6968@hotmail.com
Shanghai Bojin Electric Instrument & Device Co. Ltd.,"bojin6858@bojin-medical.com, bojin6826@bojin-medical.com, bojin6821@bojin-med"
"Shandong Yuyuan Latex Gloves Co., Ltd.",export3@yuyuanglove.com.cn
"Suzhou Sunan Zimmered Medical Instrument Co., Ltd.","1366340489@qq.com, 1661849909@qq.com"
"Suzhou Hengxiang Dongwu Import & Export Co., Ltd.",wmgl2@hengxiang.cn
"Hefei Telijie Sanitary Material Co., Ltd",info@telijie.com
"Shanghai Leyi Plastic Products Co., Ltd.",fiona.li@leyi.cn
"Ningbo Advan Electrical Co., Ltd.",vivian@advan-china.com
"Wuhan Meheke Co., Ltd.",liyu@vip.163.com
"Chengdu Xinjin Shifeng Medical Apparatus & Instrument Co., Ltd","shifengmedical@yahoo.com, shifengmedical@163.com"
"Hubei Excelmed Non-Woven Products Co., Ltd.",info@excelmedchina.com
"Ningbo Hi-Tech Unicmed Imp. & Exp. Co., Ltd.","harry@unicmed.com, info@unicmed.com"
"SUMBOW Medical Instruments Co., Ltd.",enquiry@sumbow.com
"Wenzhou Yuetai Foreign Trade Co., Ltd.",jamesh@caretek.cn
"Jiujiang Huada Medical Dressing Co., Ltd.",leo@huadamedical.com
"Tianchang Hengsheng Medical Devices Co., Ltd.","hsylqx@163.com, 402535936@qq.com"
"Yancheng Huida Import & Export Co., Ltd.",info@huidamedical.com.cn
"Zhejiang Guangci Medical Device Co., Ltd.",zjguangci_xs1@126.com
"Shanghai Carelife International Trading Co.,Ltd.",yangying@shanghaicarelife.com
"Innosurg Medical Device Technology Co., Ltd of Ningbo",James.cai@kenmold.com
"Shaoxing Gangfeng Hospital Products Co., Ltd.",michelle@gangfeng.cc
"Zhonghong Pulin Medical Products Co., Ltd.",jimmy@zhonghongpulin.cn
Shaoxing Chainmed Import & Export Co. Ltd.,"sandypeng@chainmed.com, davidqui@chainmed.com, roywei@anjiansheng.com"
"Anhui Kangda Medical Products Co., Ltd.",shirley@anhuikangda.com
"Beijing Tuoren International Trade Co., Ltd.",yaoqing@bjtuoren.com
Zhejiang Hongyu Medical Commodity Co. Ltd.,"hongyu@cnhongyu.cn, kevin@cnhongyu.cn"
"Vitaimed Instrument Co., Ltd.","sales@vitaimed.com, charleschen@vitaimed.com"
"Changzhou Hekang Medical Instruments Co., Ltd.",annie@hekangmed.com
"Jiaxing Tianhe Pharmaceutical Co., Ltd.","jingru@jxtianhe.com, jussia@jxtianhe.com"
"Hangzhou Rollmed Co., Ltd.",office@rollmed.com.cn
"Rizhao Sanqi Medical & Health Articles Co., Ltd.",3qmedical@3qcn.cc
"Vanwa Healthcare Co., Ltd.","vanwa@163.com, adminsup@vanwa.com"
Beijing Jinwei Kangda Medical Instrument Ltd.,market@kdbd.com.cn
"Surgimed Medical Supplies Co., Ltd.",carl@surgimed.com.cn
Changzhou Major Medical Products Company Limited.,sales@czmajor.com
"Ningbo Cibei Medical Treatment Appliance Co., Ltd.",cbchina@cbzj.com.cn
"EziSurg Medical Co., Ltd.",bobowang@ezisurg.com
"Ningbo Soundway Medical Appliances Co., Ltd.",kitty@soundway-medical.com
"Ningbo ETDZ Huixing Trade Co., Ltd.",chenjing@huixingtrade.com
"Zhongshan World Medical Instruments Co., Ltd","wilsonxia@zhongshan-world, Fairy@zhongshan-world.com"
Wenzhou Bokang Instruments Co. Ltd.,bokang@bokang.com
"Laian Yonghao Sanitary Material Co., Ltd",jccwd@qq.com
"Auckland Medical Polymer (Tianjin) Co., Ltd.",oklmedical@163.com
"Hangzhou Tonglu Yida Medical Appliance and Equipment Co., Ltd",zhangyi@hztlyd.cn
"Nantong Foreign Trade Medicines and Health Products Co., Ltd.","admin@ntmeheco.com, frank_wang@ntmeheco.com"
Rhycom Non-woven Products Co. Ltd.,"sarah@chinarhycom.com, sharyliu@chinarhycom.com"
"Guangzhou Maidi Medical Co., Ltd.","276300489@qq.com, sales007@mdwayson.com"
All Pro Corporation,allpro@188.com
"Shanghai Aquagel Bio-polymer Co., Ltd.","cici@aquagelpatch.com, echo@aquagelpatch.com"
Xi'an Kaydee Medical Appliances Co. Ltd.,sales@kaydeemed.com
"JIAXING HOW SPORT MEDICAL INSTRUMENT Co., Ltd.","info@howsport.cn, 450069919@qq.com"
"Wayson Medical Co., Ltd.","sales01@wayson.com.cn, carol_zheng@wayson.cn"
"Shanghai Chuangshi Industry Group Co., Ltd.","walker@shchuangshi.com.cn, walker@csigroup.com.cn"
Wuhan Xindi Int'L Trade Co Ltd,"jekkie_wu@hotmail.com, 2925618@qq.com"
Traumec Tecnologia e Implantes Ortopedicos Importacao e Exportacao Ltda.,export@traumec.com.br
"Guangzhou Fuzelong Hygiene Material Co., Ltd.",sales@fuzelong.com
Giant Medical Equipment (Guangzhou) Company Ltd,"giantlinyi@126.com, olive@giantgz.com"
"Hubei Qianjiang Kingphar Medical Material Co., Ltd.",mail@qjmdmgauze.com
"Changzhou Jiafeng Medical Equipment Co., Ltd.",jiafeng_medical@126.com
Duan Internacional do Brasil Indústria e Comércio Exportacao e Importacão de Produtos na Área da Saúde Ltda,humberto@duaninternacional.com
Anhui Tiankang Medical Technology Co. Ltd.,"su.yun@tiankang.com, 907708814@qq.com"
"SUZHOU ACMED IMPORT & EXPORT CO., LTD.",acmed@acmed.com.cn
"Nantong Flexitex Co., Ltd.","info@flexitex.com.cn, mandy.lu@flexitex.com.cn"
"Sanhe MDC medical Devices Co., Ltd",yanjiaomedc@126.com
"Changzhou Dahua Imp. & Exp. (Group) Corp., Ltd.",yang@dahuagroup.com.cn
"ZIBO SUNRISE MEDICAL DEVICE CO., LTD",info@sunrisemed.cn
IBF Industria Brasileira de Filmes S.A.,marketing@ibf.com.br
"Jiangsu Nanfang Medical Co., Ltd.",singerleecz@163.com
Ningbo Jiangdong Century Best Imp. & Exp. Corp.,info@medcie.com
"Hangzhou Superds Industry Co., Ltd. Jodismed China",sales@jodismed.com
"Shanghai Channelmed Import & Export Co., Ltd.",sales@channelmed.com
Medisafe International Ltd.,info@medisafeinternational.com
Neoortho Produtos Ortopédicos S.A.,comex@neoortho.com.br
"Dalian Rongbang Medical Healthy Devices Co., Ltd.","star214a@163.com, rongbang@rb-medical.com"
Ortosintese Indústria e Comércio Ltda.,
Physiolab Technologies Ltd.,info@physiolab.com
"Hangzhou Hua´an Medical & Health Instruments Co., Ltd.","sale1@china-huaan.cn, zhanhongjian@china-huaan.cn"
"Beijing Beishute Maternity & Child Articles Co., Ltd.",clare@bjbest.com.cn
Renfrew Group International Limited (Rapitypes),info@renfrewgroup.com
Beijing Succeeder Technology Inc.,sales@succeeder.com.cn
Danyang Sunmed Healthcare Corporation,info@chinasunmed.com
Tap2Tag Limited,support@tap2tag.me
"Yafho Bio-Technology Co., Ltd.",kevin@yafho.com
"Adam,Rouilly Ltd.",sales@adam-rouilly.co.uk
"Nantong Jangsung Gauze Co., Ltd.",hwsxhewei@hotmail.com
"Ningbo Caremet Medical Products Co., Ltd.",cecilyyang@vip.163.com
"Shenzhen Vistar Medical Supplies Co., Ltd",chainy.chen@163.com
"Zhengzhou DIALL Medical Technology Co., Ltd",diamedical@163.com
"Xiantao Dingcheng Non-woven Products Co., Ltd.",jacky.li@dcnonwoven.com
Astec Europe Limited,news@artesyn.com
"SuZhou Medsport Products Co., Ltd.","slh@guardee.com, daisy@guardee.com"
"Shaoxing Medply Medical Products Co., Ltd",ken@medply.com.cn
Healthwear Technologies (ChangZhou) Ltd,cindy.chen@jiymed-tech.com
"Shanghai Kingfo Industrial Co., Ltd","annie@clnonwoven.com, snowchen@clnonwoven.com, susanlee@clnonwoven.com"
"Shanghai Xuerui Import & Export Co., Ltd.",sharon@xuerui-sh.com
"Xinle Huabao Medical Products Co., Ltd.",yiyong@huabaosuliao.com
"Wuhan Rainbow Protective Products Co., Ltd.",thomas@whrainbow.cn
"Hitec Medical Co., Ltd.",jin@hitecmed.com
"Jiangsu Jichun Medical Devices Co., Ltd.",joanna@chinajichun.com
KARE Orthopaedics Ltd.,alan@kare.co.uk
"Yangzhou Moon City International Trade Co., Ltd.",orangemedica@163.com
Limbs & Things Ltd.,sales@limbsandthings.com
"XIAMEN ITG GROUP CORP., LTD.",wujingquan@itg.com.cn
"Kunshan Koolcare Technology Co.,Ltd",lyla@koolcare.com
NL Diagnostica Ltda.,f.moruzzi@nldiagnostica.com.br
Quibasa Quimica Basica Ltda.,sales@bioclin.com.br
Locamed Ltd.,info@locamed.com
Biomecanica Industria e Comercio de Produtos Ortopedicos Ltda.,andre.colaciti@biomecanica.com.br
Wama Diagnostica,patricia.parra@wamadiagnostica.com.br
"Shenzhen RSP Medical Technology Co., Ltd.",sales@lepuhomecare.com
Invest Northern Ireland,lifesciences@investni.com
IBRAMED -Ind. Brasileira de Equipamentos Medicos Ltda.,d.marques@ibramed.com.br
"Guangdong eBangy Biomedical Co., Ltd.",info@ebangy.com
"Jiangxi Worldsun Co., Ltd",wsnmed@wsnmed.cn
TOP SYRINGE MFG. CO. PVT.LTD,manish.goda@shandilyagroup.com
ABIMO Brazilian Medical Devices Manufacturers Association,laisa@abimo.org.br
Biotrol Laboratories Pvt. Ltd.,biotrollabs@gmail.com
Hospitalar Fair + Forum Ltda.,international@hospitalar.com.br
"Changzhou Jinliyuan Medical Devices Co., Ltd.",sales@jinliyuanmedical.com
