exhibitor_name,email
"K-Jump Health Co., Ltd.",sales@kjump.com
Facultatieve Technologies B.V,c.cantin@hygeco.com
SA.NI CORPORATE S.R.L.,sanicorporate@gmail.com
Medical Device SRL,medicaldevicesrl@medicaldevice.it
EL-COMP Cezary Kostuch,karolina.dembinska@el-comp.pl
Werther International S.p.A.,SALES@WERTHERINT.COM
Movexx International BV,info@movexx.nl
Tulip Group of Companies,sales@tulipgroup.com
Luda Kereskedelmi Kft.,info@luda-medica.com
Fibroline SA,contact@fibroline.com
ATO FORM GmbH,info@ato-form.com
Sword Xiantao Disposable protective products factory (China) Corp. Inc.,
"NIPPON SIGMAX CO., LTD.",h_tadenuma@sigmax.co.jp
JNC CORPORATION Life Chemicals Launch Office,vethum-diag@jnc-corp.co.jp
Serosep Ltd.,info@serosep.com
BPV GmbH,info@bpv-gmbh.com
NTBIO Diagnostics Inc.,info@ntbio.ca
NeoMedica d.o.o.,info@neomedica.rs
Adam's Aid Corporation,mail@adamsaid.com
wegamed gmbh,info@wegamed.de
Baden-Württemberg International GmbH Gesellschaft für int. wirtschaftl. u. wissenschaftl. Zusammenarbeit,info@bw-i.de
"Kaigo Co., Ltd.",messeduesseldorf@kaigo.com.tw
Rescue Trade OHG,info@rescuetrade.de
AMPri Handelsgesellschaft mbH,info@ampri.de
eGym GmbH,support@egym.de
Raguse Gesellschaft für medizinische Produkte mbH,info@raguse.de
ENDOSYS TECHNOLOGIES,santharam@endosys.org
"Yaan Device Co., Ltd.",yaan@ms8.hinet.net
Biomat SRL,info@immunosurface.com
Analyticon Biotechnologies AG,info@analyticon-diagnostics.com
Aptec Diagnostics N.V.,info@aptec.be
Bioactiva Diagnostica GmbH,bioactiva@bioactiva.de
iLine Microsystems S.L.,info@ilinemicrosystems.com
"Tyson Bioresearch, Inc.",sales_int@tysonbio.com
Copan Italia S.p.A.,info@copanitalia.com
EVERmed Srl,evermed@evermed.it
Systec GmbH,info@systec-lab.de
Diagon Ltd.,diagon@diagon.com
"HBI Co., Ltd.",hjkim@hbidiag.com
Koroglu Medical Devices Ltd.,info@koroglugroup.com
SA Scientific Ltd.,sas@sascientific.com
Zentech S.A.,info@zentech.be
Immundiagnostik AG,info@immundiagnostik.com
Preventis GmbH,info@preventis-online.de
R-Biopharm AG,info@r-biopharm.de
Capp ApS,info@capp.dk
LDN Labor Diagnostika Nord GmbH & Co. KG,info@ldn.de
Sacace Biotechnologies S.r.l.,info@sacace.com
"Syntron Bioresearch, Inc.",yuen@syntron.net
J. Mitra & Co. Pvt. Ltd.,jmitra@jmitra.co.in
DiaMex GmbH,info@diamex.com
Dr. Fooke Laboratorien GmbH,information@fooke-labs.de
"Toyobo Co., Ltd.",naoki_nishio@toyobo.jp
Bee Robotics Ltd.,steve@beerobotics.com
EPS Bio Technology Corp.,info@epsbio.com.tw
IME-DC GmbH,info@imedc.de
Biolife Italiana Srl,export@biolifeitaliana.it
Fitzgerald Industries International,antibodies@fitzgerald-fii.com
Bioanalyse Tibbi Malzemeler Sanayi ve Ticaret Ltd. Sti.,info@bioanalyse.com
Eurolyser Diagnostica GmbH,hpaar@eurolyser.com
DIA.PRO Diagnostic BioProbes Srl,info@diapro.it
"General Life Biotechnology Co., Ltd.",service@glbiotech.com.tw
RAL DIAGNOSTICS SAS,commercial@ral-diagnostics.fr
Pishtaz Teb Zaman Diagnostics,marketing@pishtazteb.com
AMS SpA,info.it@amsalliance.com
Nanchang Biotech A&C Biotechnical Industry Incorporated Company,overseas@biotech.com.cn
"Scantibodies Laboratory, Inc.",cs@scantibodies.com
"Beijing Shining Sun Technology Co., Ltd.",bjss1999@263.net
ELITech Group SAS,info@elitechgroup.com
"Blue Cross Bio-Medical (Beijing) Co., Ltd",export@bcbmcn.com
Sclavo Diagnostics International S.r.l.,sclavoexport@dgroup.it
ForaCare Suisse AG,cynthia.hsu@foracare.com
Sekisui Diagnostics LLC,questions@sekisui-dx.com
Wiener Laboratorios S.A.I.C.,claudia.palmier@wiener-lab.com
Mikrogen GmbH,mikrogen@mikrogen.de
LRE Medical GmbH Esterline Corporation,info@lre.de
Novacyt Group,sales@novacyt.com
BIOCHECK GmbH,voelkel@polycheck.de
Diesse Diagnostica Senese S.p.A.,salesoffice@diesse.it
Daintree Scientific Pty. Ltd.,info@amos-scientific.com
VIDIA spol. s.r.o,fortova@vidia.cz
Green Cross Medical Science Corp.,gcms.overseas@greencross.com
Reckon Diagnostics Pvt. Ltd.,adityasarwankar@gmail.com
Bionime GmbH,info@bionime.com
AVENA MEDICA SRL.,export@avena-medica.com
CPC Diagnostics Pvt. Ltd.,info@cpcdiagnostics.in
DiAgam S.A.,mail@diagam.com
Norma Diagnostika GmbH,office@normadiagnostika.com
Vacutest Kima S.r.l.,info@vacutestkima.it
Medipan GmbH,info@medipan.de
Jiangxi Tecom Science Corporation,sales@tecom-cn.com
"RAL, Tecnica para el Laboratorio S.A.",ral@ral-sa.com
"EXBIO Praha, a.s.",als@exbio.cz
LP Italiana S.p.A.,info@lpitaliana.com
NOBIS LABORDIAGNOSTICA SRL,office@nobis.com.ro
AE Adam GmbH,info@aeadam.de
Biotest Medical Corporation,info@mail.biotestsystems.com
Dirui Industrial Co. Ltd.,mason.jin@dirui.com.cn
Bhat Bio-tech India (P) Ltd.,bhatbiotech@gmail.com
Anatolia Tani ve Biyoteknoloji A.S,info@anatoliagenetik.com
VEDALAB SA,veda.lab@wanadoo.fr
GESIM Gesellschaft für Silizium-Mikrosysteme mbH,info@gesim.de
Kinematic Automation Inc.,sales@kinematic.com
"Beijing Strong Biotechnologies, Inc.",gww@bsbe.com.cn
FAMECO Medical Instruments S.A.R.L.,info@fameco.eu
JS Medicina Electronica Srl.,admin@jsweb.com.ar
GE Healthcare Life Sciences,custservde@ge.com
"Shanghai Lishen Scientific Equipment Co., Ltd.",export@healforce.com
Coris BioConcept SPRL,info@corisbio.com
COSTA RICAN INVESTMENT PROMOTION AGENCY CINDE,invest@cinde.org
"Headstar Medical Products Co., Ltd.",sales@headstarmedical.com
Mascia Brunelli SPA,
BIOLABO S.A.,info@biolabo.fr
TauroPharm GmbH,carmen.englisch-hahn@tauropharm.de
GD Medical,info@gdmed.com
EUROIMMUN Medizinische Labordiagnostika AG,euroimmun@euroimmun.de
Ophtechnics Unlimited,ophtechnicsunlimited@gmail.com
WAS Wietmarscher Ambulanz- und Sonderfahrzeug GmbH,info@was-vehicles.com
Angiplast Pvt. Ltd.,angiplast@gmail.com
Bexen medical,otegui@bexenmedical.com
"Ningbo Greetmed Medical Instruments Co., Ltd.",info@china-greetmed.com
MELET SCHLOESING Laboratoires SA,export@mslabos.com
SIMI Reality Motion Systems GmbH,info@simi.com
Dr. WOLFF Sports & Prevention GmbH,info@dr-wolff.de
E&O Laboratories Ltd.,info@eolabs.com
Tyromotion GmbH,office@tyromotion.com
B Medical Systems S.a.r.l.,info@bmedicalsystems.com
Easytech S.r.l.,g.lupi@easytechitalia.com
Enraf-Nonius B.V.,info@enraf-nonius.com
schwa-medico GmbH,export@schwa-medico.de
"Prim, S.A.",export@prim.es
Kinetec S.A.S.,contact@kinetec.fr
GLOBUS-DOMINO S.r.l.,info@globusitalia.com
azh Abrechnungs- und IT-Dienstleistungszentrum für Heilberufe GmbH,heilmittel@azh.de
Farmasystem S.r.l.,farmasystem@farmasystemsrl.com
Polyform GmbH & Co. KG Schaumstofftechnik,med.formpolster@polyform.de
Tech med Tm - TMS SAS,emmanuel.yot@techmed-tm.com
MSD Europe bvba,info@msd-europe.com
medi GmbH & Co. KG,export@medi.de
"Wandy Rubber Industrial Co., Ltd.",info@wandy.com.tw
Heuser Apparatebau GmbH,info@heuser-haan.de
h/p/cosmos sports & medical gmbh,info@h-p-cosmos.com
Rüdiger Anatomie GmbH,mail@ruediger-anatomie.de
emotion fitness GmbH & Co. KG,info@emotion-fitness.de
Hiwin GmbH,info@hiwin.de
BORT GmbH,medical@bort.com
BEACMED s.r.l.,info@beacmed.eu
Fabrication Enterprises Inc.,sales@fab-ent.com
Reck-Technik GmbH & Co. KG,info@motomed.com
Imbema SMT B.V.,info@imbemasmt.nl
opta data digital communication GmbH,info@odweb.tv
3B Scientific GmbH,info@3bscientific.com
Exten SA,info@exten.ch
Kettenbach GmbH & Co.KG,medica@sugisponge.com
S. T. Health Line 1991 ltd,yosef@health-sth.com
SOLIDEA BY CALZIFICIO PINELLI SRL,info@solidea.com
brainLight GmbH,info@brainlight.de
VOE S.A.,info@voe.es
Jaybird & Mais Inc.,sales@jaybird.com
Schürr Schuhvertrieb GmbH,info@schuerr.de
Bastos Viegas S.A.,geral@bastosviegas.com
"Yushin Medical Co., Ltd.",ysmed01@yushinmed.com
"Takashu Kagaku Co., Ltd.",takahashi@takashu.co.jp
SCW Medicath Ltd.,sales@scw-medicath.com
Medentech Ltd.,info@medentech.com
UROMED Kurt Drews KG,service@uromed.de
Calvo Izquierdo SL,info@calvoizquierdo.es
Oscimed S.A.,info@oscimedsa.com
Herniamesh S.r.l.,info@herniamesh.it
Demetech Corp.,info@demetech.us
Prolinx GmbH,info@prolinx.de
Dürasol GmbH,info@duerasol.de
Asterie SAS,export@asterie.fr
SunMed LLC,hfajardo@sun-med.com
"MINATO MEDICAL SCIENCE CO., LTD.",global@minato-med.co.jp
"Zibo Qiaosend Medical Articles Co., Ltd",topcare@vip.sina.com
Infomed SA,home@infomed.biz
P3 Medical Limited,export@p3medical.com
"Shengguang Medical Instrument Co., Ltd.",sales@shengguangmedical.com
Sanyleg srl Unipersonale,sanyleg@sanyleg.com
HANNING ELEKTRO-WERKE GmbH & Co. KG,info@hanning-hew.com
Coburger Lehrmittelanstalt Inh. Hans Sommer,info@coburger-lehrmittelanstalt.de
Teutonia Technology AG Medical Devices,info@teutoniamed.com
Plastod S.p.A.,info@plastod.com
Allmed Medical Products Co. Ltd.,sale@allmed.cn
Tio Medikal Tibbi Ürün. Tic. San. Ltd. Sti.,ali.belkaya@tiomedikal.com
DACH Schutzbekleidung GmbH & Co. KG,info@dach-germany.de
"Leventon, S.A.U.",leventon@leventon.es
Wittex GmbH,wittex@t-online.de
Medic Egypt for Medical Clothes,export1@medic.com.eg
Laboratorium Dr. Deppe GmbH,titus.deppe@dr-deppe.de
First Quality International Inc.,fqisales@firstquality.com
"Sunny Medical Device (Shenzhen) Co., Ltd.",sunnymedical_eu@139.com
"FIRSTAR HEALTHCARE Co., Ltd. (Guangzhou)",sales@china-firstar.com
Mediplus (India) Ltd.,export@mediplusdisposables.com
"MANI, INC.",el2@ms.mani.co.jp
"Bolsaplast, S.L.",medical@bolsaplast.com
Medipack Medical Packaging Mfg. Co.,nick.lu@medipack-medical.com
SFM Hospital Products GmbH,info@sfm-berlin.de
Vitaltec Corporation,sales@vitaltec.com.tw
"BL Lifesciences Pvt., Ltd.",sagar@bllifesciences.com
International Farmaceutica,customer.care@atramat.com
Klas Medical Cih. San. Tic. Ltd. Sti,export@klasmedical.com
MRK Healthcare Pvt. Ltd.,info@mrkhealthcare.com
CareMax Co. Ltd.,ivy@caremax.com.cn
HLL Lifecare Limited,manojkaimal@lifecarehll.com
Top Glove Sdn. Bhd.,sales@topglove.com.my
"Well Lead Medical Co., Ltd.",info@welllead.com.cn
Somed International B.V.,dtromp@eurotape.com
Eurotape B.V.,dtromp@eurotape.com
Medica Europe B.V.,info@medica-europe.nl
SVAS BIOSANA S.p.A.,g.dicostanzo@svas.it
"GRI-Alleset Healthcare, Inc.",klinder@gri-usa.com
Optimum Medical Ltd.,enquiries@optimummedical.co.uk
WHR GmbH,info@whrgmbh.de
YTY Group,inquiry@ytygroup.com.my
"Foshan Nanhai PLUS MEDICAL CO., LTD",info@plusmedical.cn
KD Medical GmbH Hospital Products,info@kdm-berlin.de
HHC Tibbi Malzeme Tekstil Kimya Ith.Ihr San. ve Tic. Ltd. Sti.,info@hijyensaglik.com.tr
Dogsan Tibbi Malzeme San A.S.,ksaruhan@dogsan.com.tr
Primus Gloves PVT Ltd.,"marketing@primusgloves.com, primusgloves@gmail.com"
Poly Medicure Ltd.,"sujit@polymedicure.com, marketing@polymedicure.com"
Set Medikal Sanayi ve Ticaret A.S.,kurt@setmedikal.com.tr
Bio Med HealthCare Products Pvt. Ltd.,enquiry@biomedhealthcare.com
Shanghai Neo-Medical Co. Ltd.,luru@neo-medical.net
"Triad Orthopedic Products Industrial Co., Ltd.",export@medioem.com
Haemopharm Healthcare S.r.l.,info@haemopharm.it
Paramount Surgimed Ltd.,abhay@paramoutsurgimedltd.com
Supermax Glove Manufacturing Sdn Bhd,info@supermax.com.my
Zhende Medical Co. Ltd.,avonzhang@zhende.com
iLife Medical Devices Pvt Ltd,care@ilifemedicaldevices.com
Kossan Latex Industries Sdn. Bhd.,
ECS S.r.l.,export@ecssrl.com
Nipro Europe N.V.,info@nipro-europegroupcompanies.com
RAYS SPA,info@rays.it
Industrie Borla S.p.A.,margherita@borla.it
"Ningbo Greetmed Medical Instruments Co., Ltd.",info@china-greetmed.com
Ribbel International Ltd.,ribbelblades@gmail.com
Ameco Medical Industries,dr.samy@amecath.com
"Zhejiang Anji Huabu Industrial Co., Ltd.",hb@86medical.com
HMD Healthcare Ltd.,hmduk@hmdhealthcare.com
MED-ITALIA Biomedica SRL,meditalia@meditalia.net
3Teks Tekstil Gida Ithalat Ihracat San. Tic. Ltd. Sti.,info@3teks.com.tr
CNC Sail Large International Group Inc.,sandyhera@outlook.com
Derungs Licht AG,mailbox@derungslicht.com
Clarius Mobile Health Corp.,hello@clarius.me
Zirbus technology GmbH,info@zirbus.de
Sugar International Sarl.,admin@sugar-international.com
HEUTE Maschinenfabrik GmbH & Co. KG,info@profilgate.com
PTF Pfüller GmbH & Co. KG,info@ptf-group.com
DIMAR S.R.L.,dimar.srl@tiscali.it
OSIMPLANT TIBBI MALZEMELER VE MEDIKAL TIC. LTD. STI.,info@osimplant.com.tr
Blanco Professional GmbH + Co. KG,medical@blanco.de
ACD Elektronik GmbH,info@acd-elektronik.de
AB ANALITICA Srl.,sales@abanalitica.it
ASPEN MED Inc.,aspendiag@gmail.com
VPD Bled d.o.o.,info@vpd.si
SFRI SARL,contact@sfri.com
ROBERT RIELE GmbH & Co.KG,info@riele.de
POWERbreathe International Ltd.,enquiries@powerbreathe.com
"SPL life Sciences Co., Ltd.",spl@ispl.co.kr
Böckelt GmbH,verkauf@velusjet.de
Leidel & Kracht Schaumstoff-Technik GmbH,info@lk-thermo.de
Stolzenberg GmbH,info@stolzenberg.org
"Batrik Medical Manufacturing, Inc. Imperial Surgical Ltd.",sdelisio@surgmed.com
Ability Rehab Solutions,info@ability.rehab
Clap Tzu GmbH Massage- und Therapieliegen,info@claptzu.de
Petermann GmbH Hilfsmittel für immobile Menschen,petermann@pm-med.de
DILI International S.r.l.,info@dilitus.it
FRI.MED. S.r.l.,info@frimed.it
BIOREF GmbH,info@bioref.com
GEM S.r.l.,info@gemitaly.it
Diamond Diagnostics Inc.,main@diamonddiagnostics.com
"Sejong Medical Co., Ltd.",global@sejongmedical.com
Flexicare (Group) Limited,enquiries@flexicare.com
"Shanghai Nineluck Co., Ltd.",nineluck@usa.net
Promedics Orthopaedics Limited,enquiries@promedics.co.uk
Mediplast AB / Hospidana APS,jerker.karlsson@mediplast.com
"AMPALL Co., Ltd.",ampall@ampall.com
"Clearview Healthcare Products, Inc.",clearview@bedsorefree.com
Prino-Plast Sp. z.o.o. JV Produkcja Artykulow Higienicznych,purchase@prino-plast.pl
"YoungWon Medical Co., Ltd.",youngwon@youngwonmd.co.kr
"JSMeditech Co., Ltd.",jsmedi@jsmedi.com
Nectar Lifesciences Ltd.,diagnostics@neclife.com
opta data Gruppe,service@optadata-gruppe.de
Ayset Tibbi Urunler Ve Plastik Tekstil Elektronik Gida Tem. Mad. San. A.S.,info@ayset.com
HEALTHY GLOVE COMPANY LIMITED,theerapornk@healthyglove.com
"IWASHOUORIMONO Co., Ltd.",iwashou@asipita.com
"Cansin Healthcare Industrial & Trade Co., Ltd.",info@cansinbant.com.tr
Romsons International,romsons@romsons.com
"VivaChek Laboratories, Inc.",info@vivachek.com
Lab-Care Diagnostics (India) Pvt. Ltd.,ravi@labcarediagnostics.com
U.V.TECH SUN S.r.l.,info@cerctherapy.it
Avishkar International Pvt. Ltd.,info@avishkar.com
Bioneer Corp.,sales@bioneer.com
Micro Lab Instruments,info@microlab.co.in
"Shanghai Fosun Med-Tech Development Co., Ltd.",shengli@fosunpharma.com
"LG Life Sciences, Ltd",jwkimz@lgls.com
NanoEnTek Inc.,ivdst@nanoentek.com
Hi Tech Cyanagen Srl,info@hitechcyanagen.com
Watek s.r.o.,info@watek.cz
"Empecs Medical Device Co., Ltd.",sales@empecs.com
Medelita Lab Coats & Scrubs LLC,joe@medelita.com
"Asan Pharmaceuticals Co., Ltd.",global@asanpharm.co.kr
Aquaback GmbH,u.schluenz@aquaback.de
Raouf Medical Corporation,info@raoufmed.com
BioTekna s.r.l.,info@biotekna.com
"Meta Biomed Co., Ltd.",bioinfo@meta-biomed.com
Kencap Ltd.,amir@kencapltd.com
Sino Protection (Hefei) Medical Products Co. Ltd.,michael@spihk.net
"Humasis Co., Ltd.",sony.cha@humasis.com
"i-SENS, Inc.",marketing@i-sens.com
"Infopia Co., Ltd.",stellalee@infopia21.com
"MEINNTECH Co., Ltd.",meinntech@meinntech.com
SUNWORLD KOREA Pvte. Corp.,sinwoo1170@hanmail.net
"High Hope Int'l Group Jiangsu Medicines & Health Product I/E Co., Ltd.",lily_sun@mehecojs.com
SMEG S.P.A.,instruments@smeg.it
European Patent Office,
Biosynex S.A.,info@biosynex.com
Osypka Medical GmbH,mail@osypkamed.com
CAWO Solutions Agfa-Gevaert HealthCare GmbH,cawo@cawo.com
A.R.C. Laser GmbH,info@arclaser.de
Supramedical LLC,info@supramedical.net
Asclepion Laser Technologies GmbH,marketing@asclepion.com
Kenex (Electro-Medical) Ltd,kenex@kenex.co.uk
Dr. Goos-Suprema GmbH,info@drgoos-suprema.de
Optika Srl,info@optikamicroscopes.com
ACEM S.p.A.,info@acem.it
Labtech Ltd.,medical@labtech.hu
COMEPA INDUSTRIES SAS,info@comepa.com
SonoPoint GmbH,info@sonopoint.de
Medical Device Safety Service GmbH (MDSS),info@mdss.com
Tekno Medical Optik Chirurgie GmbH,mail@tekno-medical.com
Angelantoni Life Science SRL,biomedical@angelantoni.it
Erbe Elektromedizin GmbH,info@erbe-med.com
Limmer Laser GmbH,info@limmerlaser.de
TELIC S.A.U.,export@telic.es
Turkuaz Medikal Kozmetik ve Dis. Tic. Ltd. Sti.,export@turkuazsaglik.com.tr
"KPI Healthcare, Inc.",info@kpimed.com
Duria e.G.,info@duria.de
"Durico C&T, Inc.",info@durico.co.kr
TNI medical AG,info@tni-medical.de
Palmedic b.v.,info@palmedic.eu
iHealthLabs EUROPE SARL,a.boche@ihealthlabs.com
Optiplan GmbH,optiplan@optiplan.org
Baaske Medical GmbH & Co. KG,sales@baaske.net
"Bionics Co., Ltd.",bionics@ebionics.co.kr
UTAS Co.,info@utasco.com
SEFAM SAS,customerservice@sefam-medical.com
Geratherm Medical AG,info@geratherm.com
Bio Protech Inc.,info@protechsite.com
"HuBDIC Co., Ltd",e-sales@hubdic.com
Optomic Espana S.A.,export@optomic.com
Nihon Kohden Europe GmbH,info@nke.de
Biegler GmbH Medizinelektronik,office@biegler.com
Md S.r.l. Medical Gas Equipment,info@md-srl.it
"GaleMed Xiamen Co., Ltd.",info@galemed.com
Visiomed Group / Bewell Connect,hhouplain@visiomed-lab.fr
MiniFAB,contact@minifab.com.au
"Block Imaging International, Inc.",info@blockimaging.com
Medikro Oy,sales@medikro.com
TSI GmbH,tsi.emea@tsi.com
Barco n.v.,info@barco.com
Alpinion Medical Deutschland GmbH,info@alpinion.de
"CHISON MEDICAL IMAGING CO., LTD",export@chison.com.cn
MIL'S S.A.S.,sales@mils.fr
"PEMF Systems, Inc.",info@pemfsystems.com
Biomex GmbH,info@biomex.de
Mexacare GmbH,kontakt@mexacare.com
ESfEQA GmbH,info@esfeqa.eu
VISIA imaging S.r.l.,marketing@visiaimaging.com
BIONIX WORLD OU,world@eximiaconcept.com
DAIHO SANGYO & HYBIOME,
TELIC S.A.U.,export@telic.es
MZ Liberec a.s.,export@mzliberec.cz
SOGEVA SRL,export@sogevasrl.com
"China Resources Wandong Medical Equipment Co., Ltd.",international@wandong.com.cn
Liebherr-Hausgeräte GmbH,info.lhg@liebherr.com
HEBUmedical GmbH,info@HEBUmedical.de
L&C Group Corp.,nickel.carlos@lcgroup.us
"Shenzhen Comen Medical Instrument Co., Ltd.",info@szcomen.com
SERVOMED,info@servomed.com.pk
DHG Enterprise Service GbR,info@dhg-enterprise.de
Jimy Brothers Group of Companies,info@jimybros.com; naeemjimy@hotmail.com
SURGENIUS INSTRUMENTS PVT LTD,info@surgeniusinstruments.com
S·CAPE GmbH,info@s-cape.com
Beurer GmbH,info@beurer.de
"Sterifast - Sterilization & Disinfection Systems, Lda",info@sterifast.com
ERYIGIT End. Mak. ve Tibbi Chz. Iml. Ihr. Ins. Tic. A.S.,foreigntrade@eryigit.com.tr
"Shinva Medical Instrument Co., Ltd.",tongyongxu@shinva.com
METEKA GmbH,info@meteka.com
Elma Schmidbauer GmbH,info@elma-ultrasonic.com
FUNERALIA GmbH,mail@funeralia.de
Euronda S.p.A.,info@euronda.com
Nison Instrument (Shanghai) Limited,export@healforce.com
"CHIRANA Medical, a.s.",chirana@chirana.eu
SIMICON GMBH,info@simicon.de
GOBBLE SURGICAL,info@gobblesurgical.com
BenQ Medical Technology Corporation,info@benqmedicaltech.com
Rini Ergoteknik AB,info@rini.se
Alvo spolka z ograniczona odpowiedzialnoscia Sp.k.,marketing@alvo.pl
Sharma Orthopedic (India) Pvt. Ltd.,vksharma022@sharmaortho.com
EKOM spol. s.r.o.,sales@ekom.sk
Era Endoscopy S.r.l.,info@eraendoscopy.com
IAA Surgical Instruments Co.,info@iaasurgical.com
Schaerer Medical AG,info@schaerermedical.ch
Marquardt Medizintechnik GmbH,info@marquardt-medizintechnik.de
MATTTEO bvba,info@mattteo.com
Metko Medikal ve Tibbi Cihazlar Dis Tic. Ltd.,metko@metkoltd.com
AEMCO Z.E. (Pvt) Ltd.,elahisrg@brain.net.pk
Remeda AB,remeda@remeda.se
"Aygun Surgical Instruments Co., Inc.",aygun@aygun.com
AGA Sanitätsartikel GmbH,info@agasan.com
OPT SURGISYSTEMS SRL,ikovalenko@opt-ita.com
H + H SYSTEM GmbH,office@hhsystem.com
Carilex Medical GmbH,info@carilex.de
GAMMA POLIURETANI S.r.l.,info@aurionmedical.com
DewertOkin GmbH,info@dewert.de
Maccura Singapore,maccura@maccura.com
IndigoCare BVBA,europe@indigocare.com
Acime Frame SAS,contact@acimeframe.com
PRATICIMA SAS,praticima@praticima.fr
STEINCO Paul vom Stein GmbH Rollen und Räder,info@steinco.de
"JMS - Industria Mobiliario Hospitalar, S.A.",jms@jmshospitalar.com
Favero Health Projects S.p.A.,info@favero.it
Scaleo Medical SARL,info@scaleomedical.com
Pharmaouest Industries,helene.export@pharmaouest.fr
Colson Castors Ltd.,info@colson-castors.co.uk
US & Canadian Hospitality Group Inc.,hospitalitycanada@shaw.ca
Ing. Sumetzberger GmbH,pt.sales@sumetzberger.at
SOE Health Ltd,neils@soemac.com
Titanox s.r.l.,info@titanox.it
Escad Medical GmbH,alexandra.mutter@escad-medical.de
MMM Münchener Medizin Mechanik GmbH,info@mmmgroup.com
"METISAFE CLEAN ROOM AND BIOSAFETY CO., LTD.",stuncer@metisafe.com
Eurotec Medical Systems srl,info@eurotec-srl.com
medida GmbH & Co. KG,sandra.sterzing@medida.de
Esaote Biomedica Deutschland GmbH,info@esaote.de
SR-Medizinelektronik,info@sr-med.de
Metrum Cryoflex Sp. z o.o Sp.k. European Medical Manufacturer,export@metrum.com.pl
VTI Ventil Technik GmbH,info@vti.de
Karl Heck GmbH,info@heckmed.de
"Defibtech, LLC",sales@defibtech.com
Luxfer Gas Cylinders Ltd.,customerservice@luxfer.net
FANEM LTDA.,marketing@fanem.com.br
Fritz Stephan GmbH Medizintechnik,info@stephan-gmbh.com
G. Samaras S.A.,sales@gsamaras.gr
La Tecnocarta S.r.l.,info@tecnocarta.com
S.P.L. Elektronik Inh. Peter Lubitz,vertrieb@spl-elektronik.com
Ekom-Air GmbH,info@ekom-air.de
PerSys Medical,info@persysmedical.com
BEXAMED GmbH,info@bexamed.de
Mediadent GmbH,stahlmoebel.werk@mediadent.net
Parker Laboratories Inc.,parker@parkerlabs.com
PRAXAIR EUROHOLDING S.L.,info@praxair.com
LSO Medical SAS,contact@lsomedical.com
"ECOVIEW Co., Ltd.",sales@ecoviewmedical.com
Idetec SAS,f.cabrera@idetec-medical-imaging.com
E. Line S.r.l.,info@elineitalia.com
RHOMBUS Rollen Holding-GmbH,info@rhombus-rollen.com
SOMETECH Inc,info@sometech.com
"Kaigo Co., Ltd.",messeduesseldorf@kaigo.com.tw
"Kaigo Co., Ltd.",messeduesseldorf@kaigo.com.tw
"Kaigo Co., Ltd.",messeduesseldorf@kaigo.com.tw
"Kaigo Co., Ltd.",messeduesseldorf@kaigo.com.tw
TAITRA Taiwan External Trade Development Council,mdd@taitra.org.tw
TAITRA Taiwan External Trade Development Council,mdd@taitra.org.tw
TAITRA Taiwan External Trade Development Council,mdd@taitra.org.tw
Flanders Investment & Trade/ Flanders Care,info@fitagency.be
Flanders Investment & Trade/ Flanders Care,info@fitagency.be
Flanders Investment & Trade/ Flanders Care,info@fitagency.be
Luxemburg - Ministry of the Economy,trade.fairs@eco.etat.lu
MEDICA HEALTH IT FORUM c/o Science Service Dr. Hempel GmbH,info@scienceservice.de
DiagnostikNet-BB Netzwerk Diagnostik Berlin-Brandenburg e.V.,info@diagnostiknet-bb.de
Enterprise Florida Inc.,info@eflorida.com
"LION POWER Co., Ltd.",hi@lionpower.co.jp
M. Saleem Chirurgische Instrumente,msaleem@msaleem.de
Tontarra Medizintechnik GmbH,info@tontarra.de
MEDI-CARE SOLUTIONS SRL,info@euroclinic.it
Meditech Germany GmbH & Co. KG,info@meditech-germany.de
B. u. W. Schmidt GmbH,mail@buwschmidt.com
Medstor Stamford Products Ltd.,health@medstor.co.uk
PakuMed medical products gmbh,info@pakumed.de
FIXUS BV,info@fixus.nl
Medist s.r.o.,medist@medist.sk
adeor Medical AG,office@adeor.com
Gomina AG,info@gomina.ch
Günter Bissinger Medizintechnik GmbH,info@bissinger.com
Savion Industries (1987) Ltd.,sales@savion.co.il
Apex Medical Corp.,info@apexmedical.es
Manner (Oy Mannerin Konepaja Ab),heidi.soderlund@manner.fi
ARCANIA department Sofinor SAS,pdelangue@sofinor.com
HANSE Medizintechnik Dipl.-Ing. P. Hettmer GmbH,info@hanse-medizintechnik.de
Medical Trading S.R.L.,info@medicaltrading.it
Buraq Surgical Corporation,bsc@brain.net.pk
miscea GmbH,berlin@miscea.com
Amity Limited,info@amityinternational.com
Medical GmbH Medizintechnik,medica@medical-city.de
Vigor Innovations Ltd - Caremed B2B,enquiries@caremedb2b.com
Visionflex Pty Ltd,info@visionflex.com.au
"SENKO MEDICAL INSTRUMENT Mfg. Co., Ltd.",takeo.aoki@mera.co.jp
PYRESCOM SAS,direct@pyres.com
Aero Medikal Saglik Turizmi Tibbi Urunler Ltd. Sti,info@aero-medical.net
Variteks Ortopedi Sanayi A.S.,info@variteks.com
MJS Healthcare Limited,info@mjsgrp.com
GymnaUniphy NV,info@gymna.com
WOODWAY GmbH,info@woodway.de
Sixtus Italia S.r.l.,info@sixtus.it
Monark Exercise AB,info@monarkexercise.se
FDI France Medical SARL,fdicommercial@orange.fr
Richard Pflaum Verlag GmbH & Co. KG,kundenservice@pflaum.de
Wellsystem GmbH,contact@wellsystem.com
EME S.r.l.,info@eme-srl.com
TUR Therapietechnik GmbH,info@therapietechnik.com
SARL Interscience,info@interscience.com
Motekforce Link B.V.,info@motekforcelink.com
MEDIWISS Analytic GmbH,info@mediwiss-analytic.de
SCIENION AG,support@scienion.de
Biocan Diagnostics Inc,bj@rapidtest.ca
Eschweiler GmbH & Co.KG,info@eschweiler-kiel.de
ulti med Products (Deutschland) GmbH,info@ultimed.org
"IKERLAT Polymers, S.L.",ikerlatpolymers@ikerlatpolymers.es
BIORON Diagnostics GmbH,info@bioron.de
Berthold Detection Systems GmbH,contact@titertek-berthold.com
Diagnostics Biochem Canada Inc,dbc@dbc-labs.com
GONOTEC GmbH,contact@gonotec.com
Vitrex Medical A/S,vitrex@vitrex.dk
Operon S.A.,sales@operon.es
Fujirebio Diagnostics AB,info@fdab.com
PZ Cormay S.A.,office@cormay.pl
"Sunostik Medical Technology Co., Ltd.",sales@sunostik.com
"Chungdo Pharm Co., Ltd.",ichungdo@gmail.com
PeproTech EC Ltd,info@peprotech.co.uk
Ahlstrom Germany GmbH,filtration@ahlstrom.com
Arctiko A/S,info@arctiko.com
"Institute of Isotopes Co., Ltd.",commerce@izotop.hu
Mega Tip San ve Tic Ltd. Sti.,relassay@relassay.com
MediFox GmbH,info@medifox.de
SANIMED INTERNATIONAL IMPEX SRL,sanimed_impex@yahoo.com
Sebapharma GmbH & Co. KG,andrea.haering@sebamed.de
InVivo BioTech Services GmbH,info@invivo.de
Rotek Industries,dollar@rotek.in
QUIMICA CLINICA APLICADA S.A. QCA,export@qca.es
"Guangzhou Wondfo Biotech Co., Ltd",henry@wondfo.com.cn
Liofilchem S.r.l.,liofilchem@liofilchem.net
Meril Diagnostics Pvt. Ltd.,rajesh.patel@merillife.com
"Sugentech, Inc.",info@sugentech.com
Nenova 5 LTD,office@nenova.net
"Apel Co., Ltd.",sales@apel.co.jp
"Saferwith, Inc.",ktpark@saferwith.com
Ambiance Healthcare BV,info@ambiancehealthcare.com
Peters Surgical SASU,peters@peters-surgical.com
La-med Healthcare Pvt. Ltd.,info@lamed.in
Norgesplaster A/S,info@norgesplaster.no
JAI Surgicals Ltd. Razormed Inc.,sanjivkehr@safhandle.com
Mexpo International Inc.,kloh@mexpo-glove.com
Assut Europe S.p.A.,info@assuteurope.com
MEDIPAC S.A,export@medipac.gr
Prime Medical Inc.,sales@primemedical-inc.com
BALTON SP. Z O.O.,balton@balton.pl
XXL REHAB ApS Cobi Rehab,cobi@cobi.dk
SMB CORPORATION OF INDIA,"sales@smbcorpn.com, girish@smbcorpn.com"
GST Corporation Limited,mktg@gstc.com
HEUER INTERNATIONAL (A Division of GST Corp. Ltd.),mktg@gstc.com
Biosintex Srl,"contact@biosintex.com, raluca.oncescu@biosintex.com"
Valmed Srl.,info@valmedsrl.com
"Shantou Wealy Medical Instrument Co., Ltd.",assistant@wealy.com
KIMS SRL,comex@kims.com.ar
Istem Medikal Tibbi Cihaz San. ve Tic. Ltd,istem@istemmedikal.com
"Kingstar Industries (Wuhan) Co., Ltd.",michael.liu@kingstarmedical.com
MEDpro medical B.V.,sales@medpromedical.nl
Ophardt Hygiene-Technik GmbH & Co. KG,customercare@ophardt.com
Blue Sail Medical Co. Ltd.,rfleitz@omnigloves.com
"EASYWELL BIOMEDICALS, INC.(ACTHERM INC.)",sales@easywellbio.com
TROGE Medical GmbH,info@trogemedical.de
Rubberex (M) Sdn Bhd (Pvt Ltd),azlina@lplglove.com
Romed – Van Oostveen Medical B.V.,info@romed.nl
PAPASTAMOPOULOS A. NIKOLAOS ALL MEDICAL,info@papastamopoulos.com
Medpack LLC Medpack Swiss Group,info@medpack-swiss.com
Water-Jel Europe LLP,service@waterjel.net
Rushwood B.V.,info@rushwood.eu
Wellmed International Industries Pvt. Ltd.,samarth@wellmedindia.com
Biometrix B.V.,sales@biometrixmedical.com
Boz Tibbi Malzeme Sanayi ve Ticaret A.S.,boz@boztibbi.com
NEOGENETICA Beata Baumann-Szoltysek,info@biomedical-baumann.com
Zarys International Group sp. z o.o. sp.k.,zarys@zarys.com.pl
Levtrade International (Pty) Ltd.,exportadmin@burnshield.com
Meyer-Haake GmbH Medical Innovations,export@meyer-haake.com
Microgate GmbH,info@microgate.it
Schu.zz,quiquequoi@schuzz.fr
FSSB Chirurgische Nadeln GmbH,info@fssb.de
Wilhelm Weisweiler GmbH & Co. KG,info@weisweiler-verbandstoffe.de
Adventa Health Sdn Bhd,"sales@adventa-health.com, salesregion01@adventa-health.com"
CV Medica S.L.,info@cvmedica.com
Podospecial Italy S.r.l.,info@podospecial.it
Cleanis SAS,cleanis@cleanis.fr
SUSPA GmbH,infoindustry@de.suspa.com
GCE Group,info@gcegroup.com
Ergon Sutramed S.p.A.,info@ergonsutramed.com
GENOMICA S.A.U.,jllafarga@genomica.com
Somnics UG,weichun@somnics.com
Laboratoires Anios SAS,export@anios.com
Taneta UAB,info@taneta.lt
Maisense Inc.,info@maisense.com
Bosch Healthcare Solutions GmbH,hightechcomponents@bosch.com
"MEDICORE CO., LTD.",jkkim@medi-core.com
OHST Medizintechnik AG,info@ohst.de
ALFAMED SRL,info@alfamedsrl.com
CARALUX LED- und Neonlichttechnik GmbH,info@caralux.de
Conlett Pty Ltd,contact@conlett.com
MEDICOPACE SRL,info@medicopace.com
Cardia International A/S,bc@cardiainternational.com
Lode BV,ask@lode.nl
Huntleigh Healthcare Ltd. Diagnostic Products Division,sales@huntleigh-diagnostics.co.uk
MESA Medizintechnik GmbH,info@mesamed.de
Toshiba Medical Systems Europe B.V.,
SCHILLER Medizintechnik GmbH,info@schillermed.de
ergosana GmbH Elektronische Messtechnik,sales@ergosana.de
Spead-Doppler-Systeme Vertriebs GmbH,info@spead.de
PISTON Ltd.,csatar@piston.hu
Purekeys BV,hans@purekeys.com
Servoprax GmbH,info@servoprax.de
Physio-Control Germany Sales GmbH,info-germany@physio-control.com
ATYS Medical World,atys@atysmedical.com
Ganshorn Medizin Electronic GmbH,info@ganshorn.de
Leonhard Lang GmbH,medical@leonhardlang.at
AMS Advanced Medical Systems GmbH,info@ams-ag.de
Mega Electronics Ltd.,mega@megaemg.com
"MESI, development of medical devices, Ltd",info@mesimedical.com
ASPEL S.A.,export@aspel.com.pl
INTEGRAL PROCESS SAS,vsion@integral-process.com
inomed Medizintechnik GmbH,info@inomed.com
Talley Group Limited,exportsales@talleygroup.com
"inmoclinc, S.A.",info@inmoclinc.com
Joh. Stiegelmeyer GmbH & Co. KG,info@stiegelmeyer.com
SYS'AM system Assistance Medical SAS,loic.girard@systam.com
Tur-med Hastane Malzemeleri San.ve Tic. LTD. STI.,"export@turmedonline.com, info@turmedonline.com"
REHA-BED SP. Z O.O.,BIURO@REHABED.COM.PL
Ropimex R. Opel GmbH,info@ropimex.com
Patient Lifting Solutions PLS BV,sales@plsbv.com
Aerocom GmbH & Co. Rohrpostsysteme,info@aerocom.de
ACE Business Group International S.A.,info@acebg.es
ALLIBERT MEDICAL SAS,export@allibert-medical.com
Lojer OY,info@lojer.com
GHK-DOMO GmbH,info@ghk-domo.de
Gentug Textile Industry & Trade Corp. San. Ve Tic A.S.,nur@gentug.com
Dermeo SAS,pascale.tannous@dermeo.com
ELEPS Ltd.,info@eleps.ru
Euromex microscopen bv,info@euromex.com
PrimaX International SARL,sales@primaxint.com
MedChip Solutions Ltd.,anna.harris@medchipsolutions.com
Rudolf Riester GmbH,info@riester.de
Villa Sistemi Medicali S.p.A.,vsminfo@villasm.com
"Yamamoto Kogaku Co., Ltd.",usui@yamamoto-kogaku.co.jp
Ultraviol sp. j. Pietras Purgal. Woj,biuro@ultraviol.pl
VBM Medizintechnik GmbH,info@vbm-medical.de
LAWTON GmbH & Co. KG,info@lawton.de
Sutter Medizintechnik GmbH,info@sutter-med.de
WISAP Medical Technology GmbH,info@wisap.de
Wardray Premise Limited,sales@wardray-premise.com
custo med GmbH,info@customed.de
Haux-Life-Support GmbH,info@hauxlifesupport.de
Motic Europe - Motic Deutschland GmbH,info.de@moticeurope.com
"Henke-Sass, Wolf GmbH",info@henkesasswolf.de
Brainlab Sales GmbH,contact@brainlab.com
Iskra Medical d.o.o.,info@iskramedical.eu
Emfit Ltd.,info@emfit.com
COMEG SA,info@sopro-comeg.com
Fysiomed NV-SA,alex.geuens@fysiomed.com
Novacor S.A.S.,meyre@novacor.com
RQL s.r.o.,export@RQL.cz
mayer gmbh innenarchitektur + möbelmanufaktur,info@mayer-im.de
"JPI Healthcare Co., Ltd.",postmaster@jpi.co.kr
Vasomedical / VSK/ BIOX,info@vasosolutions.com
DEL MEDICAL Inc.,info@delmedical.com
Medset Medizintechnik GmbH,info@medset.com
GS Medical Packaging Inc.,info@gsmedicalpackaging.com
EWAC Medical BV,medical@ewac.nl
Compressana GmbH Produkte für die Kompressionstherapie,info@compressana.de
AXA Diagnostics S.r.l.,axa_export@dgroup.it
Medal S.C.,info@medalsc.com
Birkenstock GmbH & Co. KG,welcome@birkenstock.com
JADAK Europe BV,info@jadak.eu
K-Plan s.a.s.,direction@k-plan.fr
Humantool Oy,info@humantool.fi
Vermed a Nissha Company,info@vermed.com
"The Government of Moscow, Department for External Economic and International Relations of the City of Moscow",dms@dms.mos.ru
MESSE WORLDWIDE SDN BHD,info@messeww.com
MESSE WORLDWIDE SDN BHD,info@messeww.com
Danish Rehabilitation Group,drg@rehabgroup.dk
Messe Düsseldorf North America,info@mdna.com
Messe Düsseldorf North America,info@mdna.com
EKOlab c.c.,ekolab_market@mail.ru
LifeSign PBM LLC,info@lifesignmed.com
Quartett GmbH,info@quartett.com
"Xema Co., Ltd.",redkin@xema.ru
Dialab GmbH,estelik@dialab.at
Bio Group Medical System S.r.l.,biodevice@biogroupmedicalsystem.com
Alifax S.r.l.,info@alifax.com
Deltalab S.L.,info@deltalab.es
Medicon Hellas S.A.,medicon@mediconsa.com
Group Med International B.V.,management@groupmed.eu
NovaTec Immundiagnostica GmbH,info@novatec-id.com
Diapath S.p.A.,info@diapath.com
DST Diagnostische Systeme & Technologien GmbH,info@dst-diagnostic.com
"Esteriplas, Produtos Para a Area da Saude, Lda.",geral@esteriplas.mail.pt
NICHIREI BIOSCIENCES INC.,shoumuras@nichirei.co.jp
Aalto Bio Reagents Ltd.,info@aaltobioreagents.com
Kem-En-Tec Diagnostics A/S,support@kem-en-tec.com
Labex Reagens AB,reagents@labex.com
Tokyo Boeki Medisys Inc.,info-madical@tokyo-boeki.co.jp
Karl Hecht GmbH & Co KG Assistent Glaswarenfabrik,info@hecht-assistent.de
Eprus S.K.A.,eprus@eprus.com
Zinsser Analytic GmbH,info@zinsser-analytic.com
iHealthLabs EUROPE SARL,a.boche@ihealthlabs.com
Teknolabo A.S.S.I. S.r.l.,sales@tka.it
BioVendor-Laboratorni medicina a.s.,info@biovendor.com
Biosigma S.r.l.,export@biosigma.com
BioMaxima S.A.,info@biomaxima.com
Randox Laboratories Ltd.,marketing@randox.com
Astra Biotech GmbH,info@astrabiotech.de
Biolab Inc.,export@biolab.hu
Gesan Production S.r.l.,overseas@gesanproduction.it
Haemochrom Diagnostica GmbH,info@haemochrom.de
WAKO Chemicals GmbH,info@wako-chemicals.de
"Laboratorios CONDA, S.A.",export@condalab.com
A. Menarini Diagnostics S.r.l.,scaracuta@menarini.it
DAS srl,info@dasitaly.com
Andreas Hettich GmbH & Co. KG,info@hettichlab.com
ALPFRIGO d.o.o.,info@alpfrigo.com
Oyster Bay Pump Works Inc.,info@obpw.com
MACHEREY-NAGEL GmbH & Co. KG,info@mn-net.com
Kartell S.p.A.,labware@kartell.it
"MEDISENSOR, INC.",info@medi-sensor.com
concile GmbH,info@concile.de
Cellmic,info@cellmic.com
IDL Biotech AB,idlbiotech@idl.se
"Japan Institute for the Control of Aging (JaICA), Nikken SEIL Co., Ltd.",biotech@jaica.com
Metallwarenfabrik Walter H. Becker GmbH,info@becker-triftern.de
EMA-LED GmbH,info@emaled.de
HT Group GmbH,info@htgroup.de
MEDIK Hospital Design GmbH,info@medik-hd.com
SIMEON Medical GmbH & Co. KG,info@simeonmedical.com
Alvi Srl,silvia.mole@alvi-italia.com
LEMI by Brusaferri & C. S.r.l.,info@lemigroup.it
Desmon S.p.A,info@desmon.it
mth medical GmbH & Co. KG,info@mth-medical.com
Qayum & Elahisons (PVT) Ltd.,info@qel.com.pk
Maxer Medizintechnik GmbH,info@maxerendoscopy.com
Ordisi S.A.,export@ordisi.com
GUBBEMED INTERNATIONAL GmbH,info@gubbemed.de
DIMEDA Instrumente GmbH,info@dimeda.de
Rextra Ltd.,info@rextra.hu
"Health & Life Co., Ltd.",sds@hlmt.com.tw
FULWELL LLC,info@fulwell.us.com
ITD GmbH,sales@itd-cart.com
Wiejak Sp. z o. o.,wiejak@wiejak-med.pl
Medisporex (Pvt) Ltd.,info@medisporex.com
Towne Brothers (Pvt.) Ltd.,sales@towne-pk.com
Ortho Select GmbH,info@ortho-select.de
akrus GmbH & Co. KG,info@akrus.de
Kami International,info@kamiint.com
D. A. SURGICAL,dan@da-surgical.com
NATIONAL FREE ZONES COUNCIL OF THE DOMINICAN REPUBLIC,s.cochon@cnzfe.gob.do
Rolan Instruments GmbH,info@rolan-instruments.de
GEOMED Medizin-Technik GmbH & Co. KG,marketing@geomed.de
PINO Pharmazeutische Präparate GmbH,service@pino-gmbh.de
master-med,
Hocoma AG,info@hocoma.com
"Ecopostural, S.L.U.",export2@ecopostural.com
Xinhua Surgical Instrument Co. Ltd.,axsi@public.zbptt.sd.cn
"Mueller Sports Medicine, Inc.",international@muellersportsmed.com
Erler-Zimmer Anatomiemodelle GmbH & Co. KG,info@erler-zimmer.de
ARDEN MEDIKAL Ltd.,export@orthocare.com.tr
Tonus Elast Ltd.,info@tonus.lv
MEDICOVI APS,medicovi@medicovi.dk
Ofa Bamberg GmbH,info@ofa.de
Mediprogress spol. s.r.o.,mediprogress@mediprogress.eu
HMN A/S,info@hmn.dk
Buchner & Partner GmbH,kontakt@buchner.de
"HearMEC Co., Ltd.",valentin@hearmec.com
zebris Medical GmbH,info@zebris.de
Sensamove VOF,info@sensamove.com
Fisiotech S.r.l.,info@fisiotech.com
"Capenergy Medical, S.L.",export@capenergy.com
Mediform S.A.,infodesk@mediform.gr
Vesismin S.L.,vesismin@vesismin.com
Hospitalar Fair + Forum Ltda.,international@hospitalar.com.br
Shagun Cares Inc Internal Fixation Systems,info@shaguncares.com
Comfortable Nederland BV,info@comfortable.nl
BAP Medical B.V. Medical care for the skin,info@bap-medical.com
Etigam B.V.,info@etigam.nl
"RÖWO, Sporto-med. GmbH",info@sporto-med.de
Asset Medikal Tasarim Sanayi Ve Ticaret A.S.,info@assetmedikal.com
VDB-Physiotherapieverband e.V. Bundesverband,bv@vdb-physiotherapieverband.de
EuroTec B.V.,info@eurotec.eu
Matek Medical A.S.,matek@matek.com.tr
"Woosam Medical Co., Ltd.",jade@woosam.co.kr
Schiller AG,info@schiller.ch
"U-Medical Co., Ltd.",sales@u-medical.co.kr
Aso Europe B.V.,asoeurope@asocorp.com
Prämeta GmbH & Co. KG,info@praemeta.de
Sänger GmbH,info@sanger.de
LABORATOIRES COLUXIA SA,contact@coluxia.com
Gallini S.R.L.,info@gallinimedical.com
Pennine Healthcare Ltd.,d.demilly-plackett@penninehealthcare.co.uk
RoweMed AG Medical 4 Life,info@rowemed.de
Farmac-Zabban S.p.A.,company@farmaczabban.it
VIGEO srl,export@vigeosrl.it
SISCO Latex Pvt. Ltd.,sisco@siscogroupofcompanies.com
2001 s.r.l. Clinical Waste Containers,comercial@ditta2001.it
Elmed Instruments (Pvt) Ltd.,info@elmedinstruments.com
Medax S.R.L Unipersonale,sales@medax.it
Finesse Medical Ltd.,admin@finessemedical.com
Tecno Instruments (Pvt.) Ltd.,info@tecno.com.pk
"Dream STS Co., Ltd.",sora@dreamsts.co.kr
Assut Medical Sarl,info@assutsutures.com
Medical Devices (Pvt) Ltd.,info@mdevices.com
BHH Mikromed Sp. z.o.o.,info@mikromed.pl
HPC Healthline Ltd.,sales@hpchealthline.co.uk
George Philips Medical Engineering Pvt. Ltd.,dvm@georgephilips.com
Opitek International Aps,mail@opitek.dk
ACME Commercial Ways (Pvt.) Ltd.,info@acme-cw.com
Sutures India Pvt. Ltd.,sales@suturesindia.com
Octamed Saglik Urunleri San. ve Tic. A.S.,info@octamed.com
Moltoplast GmbH Abteilung healthcare,med@moltoplast.com
MEDITALIA Srl,a.weiss@meditaliasrl.com
KOVAL D.O.O.,koval@koval.si
4A Medical San. Ith. Ihr. Tic. Ltd. Sti.,export@4amedical.com
Gharieni Group GmbH,export@gharieni.com
SUMI Sp. J.,sumi@sumi.com.pl
Huntex Corporation,huntex@huntex.com.tw
McCall Intertrade,info@mccallintertrade.com
"Ningbo Free Trade Zone Tenso Medical Instruments Co., Ltd.",info@tensomed.com
"Medi Care System, S.L.U.",info@medisystemsl.com
Krape S.A.,afernandez@krape.es
"Walkemore, S.A. WOCK",info@wockshoes.com
Medinet S.r.l.,office@medinetspa.com
Adria S.r.l. Societa Unipersonale,info@adriamedical.com
Pacific Manufactory Corp. (Bros.) Pte Ltd,pmcbgroup@126.com
Dr. Schumacher GmbH Desinfektion & Hygiene,info@schumacher-online.com
Bicakcilar Tibbi Cihazlar Sanayi Ve Ticaret A.S.,export@bicakcilar.com
Kessel medintim GmbH,mueller@medintim.de
Trauwin Pte Limited,quekchinhua@gmail.com
THYSOL Group BV Cure Tape,info@fysiotape.nl
Silvergreen Oy,info@silvergreen.fi
Jiangsu Likang Medical Products Co. Ltd.,likang@likangcorp.com
"Shining World Health Care Co., Ltd.",export@shinmed.com
Fuji Latex Co.Ltd.,jun-fukano@fujilatex.jp
Kehr Surgical Private Ltd.,rajivkehr@me.com
Albino Dias de Andrade Lda.,dep.comercial@adafios.pt
"Shanghai Hygienic Supply Works Co., Ltd.",shone@yuyue.com.cn
Surgikare,info@surgikare.com
"Zhejiang Medicines and Health Products Import & Export Co., Ltd","yinlunning@gmail.com, h_hunagxiang@hotmail, zmczkp@126.com"
Bess AG,office@bess.ag
"DFI Co., Ltd. (Korea)",info@dficare.com
"Sturdy Industrial Co., Ltd.",foreign@sturdy.com.tw
PANAGENE INC.,sales@panagene.com
RapiGEN Inc.,info@rapigen-inc.com
Leonidas Psiliakos Co. Ltd. Psiliakos Hospital Equipment,export@psiliakos.gr
"FM (Future Medical) Co., Ltd",fm@fmedical.kr
"Allmedicus Co., Ltd.",glucodr@allmedicus.com
RGB Medical Devices S.A.,info@rgb-medical.com
Tecme S.A.,info@tecme.com.ar
steute Schaltgeräte GmbH & Co.KG,meditec@steute.com
KaWe-KIRCHNER & WILHELM GmbH + Co. KG,info@kawemed.de
Air Liquide Medical Systems S.A.,almedicalsystems.accueil@airliquide.com
Seiva s.r.o.,seiva@seiva.com
Institut Dr. Rilling GmbH,info@rilling-group.com
Siare Engineering International Group S.r.l.,mail@siare.it
H. Buschkühl GmbH,info@buschkuehlgmbh.com
Kröber Medizintechnik GmbH,info@kroeber.de
SL - MEDIZINTECHNIK GMBH,info@magnetovital.de
Patholab srl,info@patholab.it
GMC-I Messtechnik GmbH,info@gossenmetrawatt.com
Tavger Ltd.,mtavger@tavger.com
Clement Clarke International Ltd.,resp@clement-clarke.com
Ertunc Özcan Sag. Tes. Ins. A.S.,info@ertuncozcan.com
TECHNOLOGIE MEDICALE S.A.S.,info@technologiemedicale.com
NOVAIR S.A.S.,contact@novair.fr
Bosch Healthcare Solutions GmbH,info-bosch-healthcare@bosch.com
DEMCON BV,info@demcon.nl
"Nonin Medical, Inc.",info@nonin.com
New Age Italia S.r.l.,sales@newageitalia.it
REAGENS Kft,reagenskft@reagenskft.hu
Dako Denmark A/S An Agilent Technologies Company,rpsupport@dako.com
COBAMS s.r.l.,cobams@cobams.com
ERBA Diagnostics Mannheim GmbH,sales@erbamannheim.com
CORTEX Biophysik GmbH,info@cortex-medical.de
STORZ MEDICAL AG,info@storzmedical.com
Vitalograph GmbH,info@vitalograph.de
"Excel Engineering Co., Ltd.",excel@excel-jpn.com
Leisegang Feinmechanik-Optik GmbH,info@leisegang.de
Spellman High Voltage Electronics GmbH,info@spellmanhv.de
SEDECAL Sociedad Espanola de Electromedicina y Calidad S.A.,"info@sedecal.com, javier.luqueperez@sedecal.com"
Savatech d.o.o.,ino.getcomfort@savatech.si
Bawer S.p.A.,info@bawer.it
Haelvoet NV,info@haelvoet.be
Francehopital S.A.S,info@francehopital.com
Kenmak Hastane Malz A.S.,export@kenmak.com.tr
Contact Co.,export@contact-endoscopy.com
Natus Medical Incorporated,marcom@natus.com
Malvestio S.p.A.,info@malvestio.it
Spacelabs Healthcare GmbH,germany@spacelabs.com
Plinth 2000 Ltd.,sales@plinth2000.com
HOERBIGER Micro Fluid GmbH,info-hmf@hoerbiger.com
Foras Bilg. Elekt. Medikal San.Ve.Tic.,info@foras.com.tr
DEXTHER S.A.R.L.,dexther-contact@orange.fr
LUMED srl,martina@lumed.com
Med. Apparatebau SUCHATZKI Inh. Andreas Braun e.K.,info@suchatzki.com
Xcelsitas AG,info@xcelsitas.com
BMI Biomedical International S.r.l.,info@bmibiomedical.it
TECNIMOEM 97 S.L.,jarriazu@tecnimoem.com
TESALYS SAS,info@tesalys.fr
DCK med GmbH FUTREX Nah-Infrarot Körper-Analyse,kilic@dck-med.de
Nessler Medizin Elektronik GmbH,brigitte@nessler.com
Olympus Deutschland GmbH Medical Systems,info@olympus-europa.com
Regen Lab SA,info@regenlab.com
JoinEnterprise Co. Ltd.,jbch0614@gmail.com
DIPROMED s.r.l,info@dipromed.eu
Karex Industries Sdn. Bhd.,karex@karex.com.my
Samyang Biopharmaceuticals Corporation,hongsik.kim@samyang.com
"Insung Medical Co., Ltd.",billie@insungmedical.co.kr
Vogt Medical Vertrieb GmbH,vm@vogt-medical.com
"Tianjin Plastics Research Institute Co., Ltd.",tprimedical@yahoo.com
KIMES (Korea E & EX Inc. ),kimes@kimes.kr
Jeil Medical Corporation,ethan@jeilmed.co.kr
GAMASTECH SRL,info@gamastech.com
"Colorite, A Tekni-Plex Company",Info@tekni-plex.com
Agaoglu Tibbi Saglik Tekstil San. Ve Tic. A.S.,umut@albanltd.com
Goodwood Medical Care Ltd.,info@dl-goodwood.com
OG Wellness Technologies Co. Ltd.,
Nea International BV Push Braces,info@push.eu
Üzümcü Tibbi Cihaz ve Medikal Gaz Sistemleri San. ve. Tic. A.S.,export@uzumcu.com.tr
Lanz-Anliker AG Wiroma,info@lanz-anliker.ch
NEX MEDICAL s.r.l.,info@nexmedical.com
Foundation for Biomedical Research and Innovation,kiki-plat@fbri.org
Tunisia Export Promotion Center TUNISIA EXPORT,rapidcontact@tunisiaexport.tn
Industrie- und Handelskammer zu Leipzig,info@leipzig.ihk.de
India Trade Promotion Organisation,dknangia@itpo.gov.in
Industrie- und Handelskammer zu Leipzig,info@leipzig.ihk.de
India Trade Promotion Organisation,dknangia@itpo.gov.in
India Trade Promotion Organisation,dknangia@itpo.gov.in
China Chamber of Commerce for Import & Export of Medicines & Health Products,liudan@cccmhpie.org.cn
China Chamber of Commerce for Import & Export of Medicines & Health Products,liudan@cccmhpie.org.cn
China Chamber of Commerce for Import & Export of Medicines & Health Products,liudan@cccmhpie.org.cn
Swiss Pavilion - Medical Cluster,mail@medical-cluster.ch
Bayern Innovativ GmbH,info@bayern-innovativ.de
Forum MedTech Pharma e.V.,med@medtech-pharma.de
WTSH - Wirtschaftsförderung und Technologietransfer Schleswig- Holstein GmbH,info@wtsh.de
Association of British Healthcare Industries Ltd.,exhibitions@abhi.org.uk
India Trade Promotion Organisation,dknangia@itpo.gov.in
Shenzhen Association of Medical Devices,medicalshow@samd.org.cn
Shenzhen Association of Medical Devices,medicalshow@samd.org.cn
Zhongguan cun Medical Instrument Internationalization Union,hancl430@sina.com
Uro Technology Sdn Bhd,karex@karex.com.my
Bayern Innovativ GmbH,info@bayern-innovativ.de
Forum MedTech Pharma e.V.,med@medtech-pharma.de
AIR COM s.r.l.,sales@baglionispa.com
AKUS INNOVATION IN ANASTHESIA S.L.,antonio@madelcar.es
Care Better GmbH,info@carebetter.de
CEODEUX Meditec S.A.,info@rotarex.com
"OSACHI CO., LTD.",support@osachi.jp
Quanta Computer Inc.,quca@quantatw.com
"Daiken Medical Co., Ltd.",kamata@daiken-iki.co.jp
KwickScreen Ltd.,info@kwickscreen.com
Durable Hospital Supplies (Partnership),noman@durablehs.com
Paramed International FZCO,sales@paramed.ae
Biomed Device Srl,info@biomeddevice.it
Oxyplus Technologies SAS,info@oxyplus-technologies.com
Clinipak Ltd.,sales@clinipak.co.uk
"Soyagreentec Co., Ltd.",alex25@soyagreentec.co.kr
Souter Point Ltd.,gri@souterpoint.com
Burlington Industríes LLC,info@burlington.com
Advanced Power Group Corp.,apincendo@gmail.com
Haseke GmbH & Co. KG,info@haseke.de
United Medical Partners AG,ump@ump.ag
SAMSUN SURGICAL INSTRUMENTS INDUSTRY AND TRADE LTD.,info@sca.com.tr
ATENA LUX SRL,info@atenalux.com
CIMPAX ApS,medica2016@cimpax.com
Sinomech Singapore Pte Ltd,info@sinomech.com.sg
Haeberle GmbH + Co. KG Mobile Arbeitsplätze,info@haeberle-med.de
"UCMED MEDICAL Ltd., Co. (Trimed)",trimed@trimed.com.tr
Charmant Inc.,medical@charmant.co.jp
Kopek International Pvt Ltd,mail@kopek-international.com
Medical Modular System S.A.,adm@medicalmodularsystem.com
Vimex Sp. z o. o.,sales@vimex.eu
allgaier instrumente GmbH,info@allgaier-instrumente.de
Oricare Inc.,info@oricaremed.com
WILAmed GmbH Medizinische Geräte und Zubehör,info@wilamed.com
gbo Medizintechnik AG,info@gbo-ag.de
Koo Europe S.r.l.,info@kooeurope.com
Modul Diagram S.r.l.,md@moduldiagram.it
Hirtz & Co. KG,hirtz@hico.de
Chaplet International (Pvt) Ltd.,info@chapletint.com
Emos Technology GmbH,info@emostechnology.com
Brandon Medical Co. Ltd.,enquiries@brandon-medical.com
Heinen + Löwenstein GmbH & Co. KG,info@hul.de
MECOTEC GmbH,office@mecotec.net
ECLERIS,info@ecleris.com
World med srl,info@worldmed.it
Schreiber GmbH,info@schreibergmbh.de
Friedrich Bosch GmbH & Co. KG Medizintechnik,jb@fbosch.de
PROMOITALIA GROUP SpA,events@webpromoitalia.com
ResMed SAS,perrine.fily@resmed.fr
provita medical gmbh & co. kg,info@provita.de
Fluke Biomedical,sales@flukebiomedical.com
Pacific Consolidated Industries LLC,tpalmer@pcigases.com
Confederation of Danish Industry,di@di.dk
ICST Corporation,info@icst.jp
Medgal sp. z o.o.,bj@medgal.com.pl
Wulff Entre Oy,sales.entre@wulff.fi
"SIBEL, S.A.",export@sibelmed.com
Malaysia External Trade Development Corporation (MATRADE),frankfurt@matrade.gov.my
Istanbul Chemicals & Chemical Products Exporters Association,ikmib@immib.org.tr
"AFC Industries, Inc.",info@afcindustries.com
Business France,christiane.peslherbe@businessfrance.fr
Ceska agentura na podporu obchodu CzechTrade,info@czechtrade.cz
"Essex Industries, Inc.",info@essexind.com
EV3 MEDICAL PTE LTD,ev3medical@163.com
FENIN Federacion Espanola de Empresas de Tecnologia Sanitaria,a.arce@fenin.es
RIKUTOH CORPORATION,rinfo@rikutoh.co.jp
TR Equipment AB,info@trequipment.se
Stryker GmbH & Co. KG,info.duisburg@stryker.com
Power-Packer Europa b.v.,r.bartelink@power-packer.nl
Bos Medical International BV,info@bosinternational.eu
Bus Büro-und Systemeinrichtungen GmbH,info@busmoebel.de
Sidhil Ltd.,sales@sidhil.com
Anetic Aid Ltd.,mikep@aneticaid.com
MediCasa Kieslich GmbH & Co. KG,info@medicasa-gmbh.de
ISIGUN Medikal Müh.San ve Tic. A.S.,foreigntrade@promekmedical.com
Tzora Active Systems Ltd.,info@tzora.com
Task Force Health Care,info@tfhc.nl
"INDIBA, S.A.",info@indibaactiv.com
MEDICAL GROUP Corp.,
Messe Duesseldorf China Ltd.,info@mdc.com.cn
JeeCee International NV,jcint@jeecee.com
"LiteCure, LLC. LightForce Therapy Lasers",andyw@litecure.com
DAVID HEALTH SOLUTIONS LTD.,info@david.fi
Patterson Medical Ltd.,international@pattersonmedical.com
S + T Software Technic GmbH,info@therapiesysteme.de
"INTERESPUMA - IND. POLIURETANOS, LDA.",info@orthia.eu
MicroStone Corporation,info@microstone.co.jp
Gloria Med S.p.A.,gloriamed@gloriamed.it
HTL-STREFA S.A.,info@htl-strefa.pl
proxomed® Medizintechnik GmbH,info@proxomed.com
Gaugler & Lutz oHG Airex,sportrehafreizeit@gaugler-lutz.de
move it GmbH,info@move-it-med.com
BEN S.R.L. BIOCHEMICAL ENTERPRISE,info@bensrl.it
Chema Diagnostica,mail@chema.com
AC International srl,info@acintl.it
BioTek Instruments GmbH,info@biotek.de
Kaltek S.R.L.,import-export@kaltek.it
QIAGEN Lake Constance GmbH,info-qlc@qiagen.com
Alfresa Pharma Corporation,ib@alfresa-pharma.co.jp
Molbio Diagnostics (P) Ltd.,sales@molbiodiagnostics.com
Sanymed s.a.s.,info@sanymed.it
Institut VirionSerion GmbH,dialog@virion-serion.de
EOS srl,info@eosbio.com
HyTest Ltd.,hytest@hytest.fi
Integrated Technologies Ltd.,sales@itl.co.uk
Sentinel CH. SpA,"sentinel@sentinel.it, ellenstevens@sentinel.it"
Adaltis S.r.l.,info@adaltis.net
SMC Pneumatik GmbH,info@smc.de
"ACON Laboratories, Inc.",info@aconlabs.com
Reagena Ltd.,info@reagena.com
Major Biosystem Corporation,sales@mail.bestgen.com.tw
"Kyowa Medex Co., Ltd.",mxinter@kyowa-kirin.co.jp
STM Sistemi Tecnologie Medicali s.r.l.,info@stmmedicali.eu
LBN Medical A/S,info@lbnmedical.com
mtk Peter Kron GmbH /mtk biomed,info@mtk-biomed.com
MEDICOP d.o.o.,info@medicop.eu
EKU Elektronik GmbH,info@eku-elektronik.de
Globetech Media LLC.,info@globetech.net
JOTATEC SRL,info@jotatec.com
Micromed S.p.A.,micromed@micromed.eu
Kalamed GmbH Medical Systems,info@kalamed.de
ProXima Medical Systems GmbH,contact@proximamedical.com
PIRRONE S.R.L.,seregni.export@pirrone.com
Mitsubishi Electric Europe B.V. Spanish Branch,kontakt.vis@meg.mee.com
Medelcom International Ltd.,office@medelkom.com
Biotec Italia S.r.l.,info@biotecitalia.com
Codonics Inc.,info@codonics.com
Mitsar Co. Ltd.,info@mitsar-medical.com
PHYSIOMED ELEKTROMEDIZIN AG,info@physiomed.de
Ultragel Hungary 2000 KFT,info@ultragel.hu
cymedics GmbH & Co. KG,info@cymedics.de
"IQ Designs, Inc.",sales@iqdesignsusa.com
Nemo Healthcare B.V.,info@nemohealthcare.com
SIGMA Medizin-Technik GmbH,info@neurowerk.de
Dr. Langer Medical GmbH,info@medical-langer.de
Festo AG & Co. KG,festomedizintechnik@de.festo.com
DEKRA Certification GmbH,certification.de@dekra.com
Echo-Son S.A.,export@echoson.eu
DEYMED Diagnostic s.r.o.,info@deymed.com
Konica Minolta Inc.,wataru.onoda@konicaminolta.com
Kommanditgesellschaft Behnk Elektronik GmbH & Co.,info@behnk.de
SSI Diagnostica,ssidiagnostica@ssi.dk
Biosystems S.A.,biosystems@biosystems.es
"ESPECIALIDADES MEDICAS MYR, SL",esp.medicas@myr.com.es
Spinreact S.A.U,comercial@spinreact.com
Healgen Scientific LLC,healgensales@healgen.us
The Institute of Practical Psychophysics LLC,ipp.info@bk.ru
Fortress Diagnostics Limited,info@fortressdiagnostics.com
Helmut Hund GmbH,info@hund.de
Tecnolaser S.r.l.,direzione@tecnogamma.info
"IDS Co., Ltd.",ids@idsma.com
REDA Instrumente GmbH,info@reda-instrumente.de
Zeppelin Mobile Systeme GmbH,info@zeppelin-mobile.de
SonoScape Medical Corp.,sonoscape@sonoscape.net
Eurotrol B.V.,office@eurotrol.com
Future Diagnostics BV,info@future-diagnostics.nl
DMS SA,imarin@dms.com
Fraunhofer-Gesellschaft zur Förderung der angewandten Forschung e.V.,info@fraunhofer.de
Heyer Aerotech GmbH Medizinische Gasversorgungssysteme,office@heyer-aerotech.de
Blazejewski MEDI-TECH GmbH,info@blazejewski.de
Mayo Clinic / Mayo Medical Laboratories,mmlglobal@mayo.edu
Micromed Medizintechnik GmbH,info@micromed.com
Josef Betschart AG,sales@xray-swiss.ch
TÜV SÜD Product Service GmbH,productservice@tuev-sued.de
bluepoint MEDICAL GmbH & Co. KG,info@bluepoint-medical.com
Eberle GmbH & Co. KG,info@eberle-med.de
GIMMI GmbH Endoscopic Technology,contact@gimmi.de
l´acn l´accessorio nucleare S.r.l.,acn@acn.it
Dr. J. Hänsler GmbH Medizintechnik,info@ozonosan.de
EIZO GmbH,dt-contact@eizo.com
Weickert GmbH,info@roentgen-weickert.de
"BL Tech Co., Ltd.",overseas@bl-tech.co.kr
Metaltronica SpA,metaltronica@metaltronica.com
MGB Endoskopische Geräte GmbH Berlin,info@mgb-berlin.de
Nissei Japan Precision Instruments Inc.,k-hirai@nissei-kk.co.jp
pedalo® by Holz-Hoerz GmbH,info@pedalo.de
"Taiwan Stanch Co., Ltd.",service@taiwanstanch.com
AMICO NP JSC,info@amico.ru
NM Stahlgeräte GmbH,t.jung@nm-stahlgeraete.de
"Ito Co., Ltd.",itocoltd@itolator.co.jp
Biometrix Technology Inc.,admin@bmtchip.com
"Sekisui Plastics Co., Ltd.",contact@sekisuiplastics.com
3DHISTECH Ltd.,marketing@3dhistech.com
Scanflex Healthcare Group AB,helena@scanflex.se
"NDS Surgical Imaging, LLC",info@ndssi.com
MPW MED. INSTRUMENTS,mwp@mpw.pl
Berger Surgical Medical Products GmbH,info@berger-surgical.de
USHIO Inc.,s.huang@ushio.co.jp
SLE Ltd,sales@sle.co.uk
Shanghai Kehua Bio-engineering Co. Ltd.,info@skhb.com
CLONIT srl,info@clonit.it
Dutch Diagnostics B.V.,info@dutch-diagnostics.com
Shinjin Medics Inc.,jason@diakey.com
Michigan Diagnostics LLC,customerservice@michdiag.com
"Philosys Co., Ltd.",information@philosys.com
Callegari S.p.A.,info@catellanigroup.com
NANOBIOSYS INC.,kellysh@nanobiosys.co.kr
Boditech Med Inc.,sales@boditech.co.kr
Medprin Biotech L.L.C,SALES@MEDPRIN.com
Novos Tibbi Cihazlar San Tic ITH ve IHR Ltd. Sti.,info@novos.com.tr
GINEVRI srl,export@ginevri.com
"CU Medical Systems, Inc.",angela@cu911.com
"Hokanson, D.E. Inc.",info@deh-inc.com
BPLab,impex@bplab.com
GURÒ S.a.s di Gualtieri Rosa,gurosas@gurosas.it
"JOKOH Co., Ltd.",ktanaka@jokoh.com
Artron Laboratories Inc.,info@artronlab.com
"MEKICS Co., Ltd.",sales@mek-ics.com
MES Sp. z o.o.,mes@mes.com.pl
TBG Biotechnology Corp.,info@texasbiogene.com
AC Aircontrols GmbH,info@aircontrols.de
DJO Global Corp.,adam.earle@djoglobal.com
DIERS International GmbH,info@diers.de
ODEL s.r.l.,info@odelxray.eu
Electrical Geodesics Inc. (EGI),info@egi.com
FASET SRL,info@faset.com
Sinteco A Bucci Automations S.p.A. Division,sinteco.it@bucci-industries.com
"SANYOSEIKO CO., LTD.",support@sanyoseiko.co.jp
2miil artesania sanitaria S.L.,export@2miil.com
Fogless International AB,mail@fogless.se
Serrano Medical Solutions Inc.,aaron@safecrush.com
Total Ithalat Ihracat Pazarlama Ltd. Sti.,info@interset.com.tr
GENIMPEX s.r.l.,info@genimpex.it
"CEX Internacional, S.A.",cex@cexint.com
Sigma Medical Supplies Corp.,jerry@sigma-medical.com.tw
European Hospital Verlags GmbH,info@european-hospital.com
Medi-Sept Sp. z o.o.,info@medi-sept.com.pl
Optimal Saglik Urunleri San. ve Dis Tic. Ltd. Sti,info@optimalsaglik.com.tr
Amed Therapeutics Ltd.,info@amedtherapeutics.com
MEDCERT GmbH,info@medcert.de
Clinisut (Pty) Ltd.,neilb@akaciamedical.co.za
LOFTEX GmbH,info@loftex.de
Seers Medical Ltd,info@seersmedical.com
"DIA PHARMACEUTICAL CO., LTD.",overseas-biz@dia-pharma.com
DongBang AcuPrime Ltd,info@acuprime.com
Europlasticos Exposito S.L.,comercial@europlasticosexposito.es
"Special Medical Co., Ltd.",info@specath.com
"Sewoon Medical Co., Ltd.",thcho@sewoonmedical.co.kr
Hartalega Sdn. Bhd.,info@hartalega.com.my
C.R.E. Calzifici Riuniti Elli S.r.l,elly@elly.it
"Elite Bags, S.L.",export@elitebags.es
TecnoBody S.r.l.,amministrazione@tecnobody.it
United Poly Engineering Pvt. Ltd.,marketing3@unitedpoly.com
JEMK AB,kenneth.hedman@jemksweden.se
Uriel Meditex Ltd.,info@uriel.co.il
Qatari German Medical Devices,"sales@qgmd.com, info@qgmd.com"
Lehmanns Media GmbH,dus@lehmanns.de
"SING BWO ENTERPRISE CO., LTD.",info@singbwo.com.tw
Chrisofix AG,info@chrisofix.ch
Chimed S.r.l.,info@chimed.it
MIKA MEDICAL CO. (MK GLOBAL CO.).,sales@comfort-in.com; info@mikamedical.co.kr
DMC International Trading GmbH,info@dmc-natur.de
Ghatwary Medical,ghatwary@ghatgms.com
Kolmi GmbH,order@kolmi.de
Ghatwary Medical Supply,mona.gms@gmail.com
"HYUPSUNG MEDICAL CO., LTD.",hyupsung@hyupsung.com
SMART GLOVE CORPORATION SDN BHD,info@smartglove.com.my
PVS SPA,manuel.maciocca@pvs-spa.it
Trulife Ltd.,info@trulife.com
"HANGZHOU NANAIMO TRADING CO., LTD",info@canack.com
RFB LATEX Ltd.,rfblatex@rfblatex.com
"Aetrex Worldwide, Inc.",info@aetrex.com
Fabco,trudy@fabco.net
MS Westfalia GmbH,info@mswestfalia.de
Weyer GmbH,info@weyermed.com
Attucho/Hitas Ortopedi Ilkyardim Urunleri San. Tic. Ltd. Sti.,info@hitas.com
ITS GROUP SRL,export@itsgroupsrl.com
WAGNER GmbH Fabrik für medizinische Geräte,info@wagner-sterilsysteme.de
MAICO Diagnostics GmbH,vertrieb@maico.biz
CAHOUET S.A.,commercial@cahouet.com
Bremed Limited,general@bremed.com
Chart BioMedical Ltd.,customerservice.europe@chartindustries.com
Schulze & Böhm GmbH,info@medisun.de
Audio Technologies S.r.l.,info@audiotechnologies.it
Norditalia Group SRL,sales@norditalia.biz
HUM Gesellschaft für Homecare und Medizintechnik mbH,sales@hum-online.de
Fiegert-Endotech Medizintechnik GmbH,info@fiegert-endotech.com
General Project S.r.l.,info@generalproject.com
DeVilbiss Healthcare GmbH,kontakt@devilbisshc.com
Caesarea Medical Electronics Ltd.,sales@cme-infusion.com
"A&D Company, Limited",
COLON-EICH Helmut Eich e. K.,mail@eichcolon.de
"ROYAX, s.r.o.",m.berankova@royax.eu
PROHS-Equipamento Hospitalar e Serviços Associados S.A.,prohs@prohs.pt
ERNA Tibbi Cihazlar Imalat ve Teknik Servis Limited Sirketi,basak.aktay@erna-medical.com
Entrhal Medical GmbH,info@entrhal-medical.de
Ecoster Systems ASE SRL,fbaldi@ase.it
Chemische Fabrik Dr. Weigert GmbH & Co. KG,info@drweigert.com
Medic-AL Aps,mail@medic-al.dk
SAVUNA GmbH Sterisafe-Toolsafe,info@savuna.de
SMP GmbH Prüfen Validieren Forschen,info@smpgmbh.com
Wunder SA.BI. S.r.l.,wunder@wunder.it
Schölly Fiberoptic GmbH,info@schoelly.de
PROTEC GmbH & Co. KG,protec@protec-med.com
Unbescheiden GmbH,info@unbescheiden.com
"SPECTARIS e.V. Deutscher Industrieverband für optische, medizinische und mechatronische Technologien",info@spectaris.de
aap Implantate AG,info@aap.de
KEN HYGIENE SYSTEMS A/S,ken@ken.dk
"Propper Manufacturing Co., Inc.",as@proppermfg.com
MELAG Medizintechnik oHG,info@melag.de
Kögel GmbH,info@mk-koegel.de
AMB - Ecosteryl S.A.,info@ambbelgium.be
"Antonio Matachana, S.A. -Matachana Group-",int@matachana.com
"Huqiu Imaging Technologies (Suzhou) Co., Ltd.","silvia.shaw@vip.163.com, allen.wang@hu-q.com"
COMINOX s.r.l.,contact@cominox.it
Gandus Saldatrici S.r.l. Socio Unico,info@gandus.it
CISA Production Srl,export@cisagroup.it
OXY'PHARM SARL,commercial@oxypharm.net
"Hadeco, Inc.",export_s9@hadeco.co.jp
Nuova Italdiagrammi SNC,info@nuovaitaldiagrammi.com
BANDELIN electronic GmbH & Co. KG,info@bandelin.com
Norav Medical GmbH,info@norav.de
DGM Pharma-Apparate Handel AG,trade@dgmmachinery.com
GS Elektromedizinische Geräte G. Stemple GmbH,info@corpuls.com
Medicom MTD Ltd,office@medicom-mtd.com
SONOGEL-Vertriebs GmbH,info@sonogel.de
MEDLAB medizinische Diagnosegeräte GmbH,sales@medlab.eu
"Multigon Industries, Inc.",stern_william@yahoo.com
Branson Ultrasonics B.V.,wim.vanderwal@emerson.com
SunTech Medical Limited,sales@suntechmed.com
Steris SAS,contact_hc@steris.com
Medical Device Management Ltd.,marketing@medicaldevicemanagement.com
Neurosoft Ltd,com@neurosoft.com
Sonoring Deutschland Einkaufs- und Verwaltungsgesellschaft mbH,b.falticko@sonoring.de
Masimo International Sarl,
PALCOTEK GmbH,info@palcotek.de
"BTL zdravotnicka technika, a.s.",sales@btlnet.com
T. Factory 1970,info@emergencyfocus.com
Bermedi Medical Solutions GmbH,info@bermedi.com
CAT Medical Systems S.p.A.,info@catmedical.com
MEDICON eG Chirurgiemechaniker-Genossenschaft,sales@medicon.de
ENDOMED Endoskopie + Hygiene GmbH,info@endomed.de
CSA Group Europe GmbH,csa.europe@csagroup.org
STEMA Medizintechnik GmbH,info@stema-medizintechnik.de
Hydrosun Medizintechnik GmbH,info@hydrosun.de
ENDO-TECHNIK Wolfgang Griesat GmbH,info@endo-technik.de
Central Surgical (Pvt.) Ltd.,hassan@centralsurgical.com
MAVIG GmbH,info@mavig.com
Agencinox S.A.S.,contact@agencinox.com
Technimen Agha (PVT) Ltd.,info@technimen.com
"Andon Health Co., Ltd.",louie@ihealthlabs.com
Laboratoire Huckert's International SPRL,emilie.cheval@huckerts.net
seca gmbh & co. kg. Medizinische Messsysteme und Waagen Medical Measuring Systems & Scales,info@seca.com
"Shijiazhuang Wally Plastic Co., Ltd.",eric@wallyplastic.com
UNICEF e.V. Arbeitsgruppe Düsseldorf,info@duesseldorf.unicef.de
Pofam - Poznan Sp. z o.o.,export@pofam.poznan.pl
Fine Care Biosystems,sachin@accumaximum.com
Wulff Entre Oy,sales.entre@wulff.fi
Wulff Entre Oy,sales.entre@wulff.fi
Nanjing Chenwei Medical Equipment Co. Ltd.,sales@chenwei-med.com
Business France,christiane.peslherbe@businessfrance.fr
Business France,christiane.peslherbe@businessfrance.fr
Business France,christiane.peslherbe@businessfrance.fr
Business France,christiane.peslherbe@businessfrance.fr
Business France,christiane.peslherbe@businessfrance.fr
AWEX - Wallonia Export & Investment,mail@awex.be
AWEX - Wallonia Export & Investment,mail@awex.be
G.S.G. RobotiX S.r.l.,logistics@gsgrobotix.it
"SeraCare Life Sciences, Inc.",info@seracare.com
ORGENTEC Diagnostika GmbH,orgentec@orgentec.com
Robimes di Marcellino Majra,robimes@robimes.com
Memmert GmbH + Co. KG,sales@memmert.com
Elektrocraft (India) Pvt. Ltd.,info@eltekindia.com
Ercon Inc.,brousseau@erconinc.com
Delta Analytics OHG,info@delta-analytics.de
Convergent Technologies GmbH & Co. KG,info@convergent-technologies.de
The Binding Site GmbH,office@bindingsite.de
DRG Instruments GmbH,drg@drg-diagnostics.de
Vestfrost Solutions A/S,info@vestfrostsolutions.com
BIOCHEMICAL SYSTEMS INTERNATIONAL SRL,biosys@biosys.it
Asahikasei Corporation CNB Business Promotion Dep.,okubo.nb@om.asahi-kasei.co.jp
"TAUNS Laboratories, Inc.",infomedica@tauns.co.jp
Futura System Group S.r.l.,marketing@futurasystem.it
Nuova Aptaca S.r.l.,export@aptaca.com
Genekam Biotechnology AG,query@genekam.de
BOXER GmbH,info@boxerpumps.com
Lobeck Medical AG,info@lobeck.com
Biokit S.A.,biokit@biokit.com
VIRO-IMMUN Diagnostika GmbH,info@viro-immun.de
Vitro S.A. (VitroGroup),master@vitro.bio
Remi Elektrotechnik Limited,expo@remilabworld.com
ADLINK Technology GmbH,latg.order@adlinktech.com
"Kai Industries Co., Ltd.",medical-en@kai-group.com
OPPO MEDICAL INC.,sales@oppomedical.com
Silvermedia sp. z o.o.,biuro@silvermedia.pl
CODACO ELECTRONIC s.r.o.,sales@codaco.cz
"Sumiron Co., Ltd.",haruyama_taizo@sumiron.co.jp
Man & Machine Europe,sales@mmieu.com
"DS MAREF CO., LTD.",ds@dsmaref.com
Unitronic Elektronische Steuergeräte GmbH,info@unitronic.net
Avaya GmbH & Co. KG,infoservice@avaya.com
H&S Qualità nel software Spa,hes@hes.it
MCD Medical Computers Deutschland GmbH,info@mcd.de.com
"BIQ Health Solutions, Lda.",biq.geral@biqhs.com
"ITI Technology Co., Ltd.",info@ititech.co.kr
"Woo Young Medical Co., Ltd.",pinetree@wooyoungmed.com
"HUREV Co., Ltd.",ovsales@hurev.com
Rigel Medical,enquiry@rigelmedical.com
CGM Deutschland AG,info-deutschland@cgm.com
Enable Supplies Ltd,marc.egan@enablesupplies.com
Diversity Corporation FZE,sales@diversity.ae
Hilditch Group Ltd.,sales@hilditchgroup.co.uk
"Hersill, S.L.","export@hersill.com, mayteurizar@hersill.com"
Medel International S.r.l.,info@medelinternational.com
Intermedic Arfran S.A.,intermedic@inter-medic.net
DEAS S.r.l.,deas@deasnet.it
Die Bundesregierung. Medizintechnik in Deutschland c/o VDI TZ GmbH PT Gesundheitswirtschaft,schwanke@vdi.de
JSC Shvabe,mail@shvabe.com
TREU Instrumente GmbH,info@treu.com
Multi-Medix Ltd,info@multi-medix.com
ELEKTRO-MAG TIC. SAN. A.S,export@elektro-mag.com
Medirol s.r.o.,medirol@medirol.cz
SANIVAP SA,info@sanivap.fr
Paradise Instruments Co.,info@paradise.com.pk
Hanlab Corporation,hanlab@hanlab.co.kr
Merck KGaA,service@merckgroup.com
Concise Enterprises,contact@concise.com.pk
Communications & Power Industries LLC,CANMarketing@cpii.com
"IBL International GmbH, Empowered with Tecan",ibl@tecan.com
Medical Technologies LBI UAB,mtlbi@medtech.lt
Medikal 2000 Tibbi Cihazlar ve Ileri Teknoloji San. ve. Tic. A.S.,export@medikal2000.com.tr
MARINOPOULOS BROS & CO,medical@marinopoulos.com.gr
SCHRACK SECONET AG Sicherheits- und Kommunikationssysteme,office@schrack-seconet.com
Merivaara Corp.,merivaara@merivaara.com
"PROMA REHA, s.r.o.",sales@promareha.cz
Elektra Hellas AG,elektra@elektrahellas.gr
Control-X Medical Ltd.,sales@cxmed.hu
Destek Otomotiv Yan Sanayi ve Ticaret A.S.,destek@desteklift.com
Pneumatik Berlin GmbH PTM medical systems,info@pneumatik-berlin.de
Professional Hospital Furnishers,sales@phfworld.com
Cymo B.V.,sales@cymo.nl
LightGuideOptics Germany GmbH,"info@lgoptics.de, buechel@lgoptics.de"
"Surgival Co, S.A.U",mara@surgival.com
Nansin Co. Ltd.,to5097@nansin.co.jp
Famed Zywiec Sp. z o.o.,export@famed.com.pl
Novacare GmbH,info@novacare.de
LaproSurge Ltd.,info@laprosurge.com
TÜV NORD CERT GmbH,info.tncert@tuev-nord.de
SURGICRAFTS,info@surgicrafts.com
DEWIMED Medizintechnik GmbH,info@dewimed.de
blueendo GmbH international,sales@blueendo.de
ChM sp. z o.o.,chm@chm.eu
Kendromed Sp. z o.o.,kendromed@kendromed.pl
>>rk<< instrumente GmbH,info@rk-instrumente.de
REGER Medizintechnik GmbH,info@reger-med.de
Unicorp Instruments Inc.,info@unicorpinstruments.com
TÜV Rheinland AG,messe@de.tuv.com
M.P.S. Srl,mpselettromedicali@virgilio.it
Silentia AB,info@silentias.se
VMD Gamma Ltd.,vmd@vmd.hu
Anton Hipp GmbH,info@anton-hipp.de
Transatlantic Medical LLC,ta.medical@gmail.com
EM-MED Sp. z o.o.,office@emmed.pl
MIA LASER SRL,mialaser@mialaser.biz
CareFusion Germany 234 GmbH,claudia.scheuermann@carefusion.com
HUPFER Metallwerke GmbH & Co. KG,info@hupfer.de
Goldstar Medical Instruments,goldstar@goldstarmed.com
Klimaoprema d.d.,info@klimaoprema.hr
"A. J. Costa (Irmãos), Lda.",info@ajcostairmaos.com
EMED Sp. z o.o. Sp. K.,emed@emed.pl
K.-H. Dewert GmbH Stahlrohrmöbelfabrikation,info@khdewert.de
Karl Otto Braun GmbH & Co. KG,info@kob.de
Technogym Germany GmbH,info_d@technogym.com
ELMI SRL,h.harb@elmi-reha.it
Chinesport S.p.A.,export@chinesport.it
Formed sp. zo.o. sp. K,export@formed.eu.pl
FREI AG Aktive Reha-Systeme,info@frei-ag.de
Trendy Sport GmbH & Co. KG,info@trendy-sport.com
SinfoMed GmbH,hdoerrzapf@sinfomed.de
Redcord GmbH,info@redcord.de
crosscorpo GmbH,info@crosscorpo.com
runfun GmbH,info@runfun.com
Verband der Osteopathen Deutschland e.V.,info@osteopathie.de
Fäder GmbH Medizintechnik,mail@faeder.de
JPM Products Ltd.,sales@jpmproducts.co.uk
SVG Medizinsysteme GmbH & Co. KG aktiv. vital. gesund.,info@svggermany.de
"Cardiva Soluciones Integrales, SA",info@cardivaintegralsolutions.com
Novacare GmbH SISSEL Vertrieb,info@novacare.de
Frimed Medizintechnik GmbH,info@frimed.de
"QAL Medical, LLC",cpm-sales@qualityal.com
Unstinger Aps,info@unstinger.com
"Dong-e E-Jiao E-hua Medical Equipment Co., Ltd.",zhangni22@126.com
Corpus Plus Medical Equipment,eu@traveljohn.com
"Nichiban Co., Ltd.",sakagami@nichiban.co.jp
RKW SE,info@rkw-group.com
NILYMED Ltd.,office@nilymed.com
Nacatur International Import Export S.r.l. A.S.U.,info@nacatur.com
Atlas Medical Ltd.,langelidou@atlasmedical.gr
Multimedical SRL,info@multimedical.it
Medica S.p.A.,info@medica.it
Spiggle & Theis Medizintechnik GmbH,info@spiggle-theis.de
Renolit Nederland B.V.,sales.solmed@renolit.com
Establecimientos Sumisan S.A. Clinivbest,inigo@sumisan.com
BeneCare Medical Ltd.,info@benecaremedical.com
"BIOTAP, S.L.",biotap@biotap.com
RSscan International N.V.,sales@rsscan.com
Enterprise Europe Network NRW c/o ZENIT GmbH,jc@zenit.de
"Zero One M Co., Ltd.",01md@01m.co.kr
GCMEDICA ENTERPRISE Ltd. (WUXI),info@gcmedica.com
W.Söhngen GmbH,info@soehngen.com
Plum A/S,info@plum.eu
Mona Lisa N.V.,info@monalisa.eu
NorthAid ApS,northaid@northaid.com
samco clinhand GmbH,info@samco-clinhand.de
"Buheung Medical Co., Ltd.",sales@buheung.co.kr
Metallform GmbH & Co. KG,info@mform.de
SEGUFIX-Bandagen Das Humane System GmbH & Co. KG,info@segufix.de
Motex Healthcare Corp.,info@motex.com
Soveta Baltica Italian Lithuanian Joint Stock Comp,info@sovetabaltica.lt
Sterisets International B.V.,info@sterisets.eu
ACCURA Medizintechnik GmbH,info@accura.info
Betatech Medical Ltd. Sti.,info@betatechmedical.com
"AB Medical Co., Ltd.",steve@abmedical.co.kr
Premier Guard BV,cs@premierguard.eu
MEDGAS-TECHNIK GmbH Medical-Technology,info@medgas-technik.de
SANTEX S.P.A.,export@santex.it
GIGA-TMS INC.,promag@gigatms.com.tw
BETATEX S.p.A.,info@betatex.com
Team 77 Einrichtungen Wetzel GmbH,info@team77.de
Score B.V.,info@scorenl.com
BMB MEDICAL SARL,commercial@bmb-medical.com
V. Guldmann A/S,info@guldmann.com
GRENA LTD.,csc@grena.co.uk
Sinapi biomedical (Pty.) Ltd.,sales@sinapibiomedical.com
Swisslog Healthcare GmbH,healthcare.de@swisslog.com
L-Tac Medicare Pte. Ltd.,amosim@l-tac.net
Vorpal Technologies K.K.,info@vorpaltechnologies.com
Infodent Srl Infomedix International,infomedix@infomedix.it
A.M.I. Italia S.r.l.,info@amiitalia.com
medis Medizinische Messtechnik GmbH,info@medis.company
Ermis MedTech GmbH,info@ermis-medizintechnik.de
Lifelong Meditech Private Limited,info@lifelongindia.com
P.T. Arista Latindo Private Limited,contact@aristagloves.com
CTL - Centre of Laser Technology - LASERINSTRUMENTS Ltd.,med@lasery.eu
Tecnoquimicas S.A.,info@tecnoquimicas.com
Primax Berlin GmbH,info@primax-berlin.de
Kuraraykuraflex Co. Ltd.,kuraflex_info@kuraray.co.jp
"Eucare Pharmaceuticals Pvt., Ltd.",sridharan@eucareindia.com
biolitec biomedical technology GmbH,info@biolitec.de
CryoGenTech GmbH,"bk@cryogt.com, office@cryogt.com"
MedCare Visions GmbH,info@medcarevisions.de
Qingdao Kingston Medical Devices Ltd,james@kingston-worldwide.com
WAVEMED SRL,info@wavemed.it
ABALASE LTD,abalase@otenet.gr
MEDKLAPP Medizintechnik GmbH,info@medklapp.de
AS Medizintechnik GmbH,info@AS-Medizintechnik.de
BOURNAS MEDICALS,info@bournas-medicals.gr
Mespa Healthcare Products Co. Inc. Mespa Saglik Malzemeleri San. Ve Tic A.S,export@mespa.com.tr
"Curaco, Inc.",curaco@curaco.co.kr
GETT Gerätetechnik GmbH,info@gett.de
Acropolis BV,erland@acropolis.nl
Siemens AG,himed.info.industry@siemens.com
Barco n.v.,info@barco.com
Active Key GmbH & Co. KG,info@activekey.de
BAYOONET AG,info@bayoo.net
EGS Computer Vertrieb GmbH,hjp@egs-vertrieb.de
Wiegand AG,nuria.palou@wiegand.ch
softgate gmbh,medtech@soft-gate.de
NEGOCIO Inc.,t-matsushima@negocioinc.co
Heck Hygiene GmbH,info@heck-hygiene.de
Werner-Arzneimittel GmbH Großhandel für Medicalprodukte,info@werner-minden.de
Advantech Europe BV,iservice@advantech.eu
Flexi-Sports GmbH,info@flexi-sports.com
AT Technologies GmbH (ATGmed),info@atg.eu.com
"Embalnor, Lda",embalnor@embalnor.pt
Transatlantic Fitness GmbH,greg@rocktape.com
Antiseptica Dr. Hans-Joachim Molitor GmbH,info@antiseptica.com
Long Life Surgical Industries,info@longlife.com.pk
Biomark GmbH,"biomark@biomark.info, biomark-rheinau@t-online.de"
FAMED Lodz S.A.,info@famed.pl
Insausti Material Clinico SLU,insausti@insausti.eu
Sar Sons Surgical,info@sarsonss.com
Tarsus AB c/o Sjöbloms Sjukvardsutrustning AB,info@tarsus.se
"Nanobiz Co., Ltd.",apffnd88@nanobiz.co.kr
Greiner Diagnostic GmbH,info@greiner-diagnostic.com
FENIN Federacion Espanola de Empresas de Tecnologia Sanitaria,a.arce@fenin.es
"Domel, d.o.o. Business Unit Laboratory Systems",info.labs@domel.com
Skannex AS,post@skannex.com
Axiom Gesellschaft für Diagnostica und Biochemica mbH,info@axiom-online.net
"Biosurfit, SA",info@biosurfit.com
Laboratorijska Tehnika Burnik d.o.o.,branka.burnik@lt-burnik.si
"Biomedal, S.L.",info@biomedal.com
77 Elektronika Kft.,sales@e77.hu
Tridema Engineering srl,mdega@inwind.it
C & A Scientific / Shanghai Youding Inc.,matthew@cnascientific.com
"Kemia Cientifica, S.L.",direccion@kemia.es
Samsung Electronics GmbH/ Health Medical Equipment,hme@samsung.de
Eximmed Medikal Ithalat Ihracat San. ve Tic. Ltd. Sti,info@u-project.eu
Deutsche Apotheker- und Ärztebank e. G.,info@apobank.de
"Infunix Technology Co., Ltd.",sales@infunix.com
Akron Ohio USA,sdeshazior@akronohio.gov
Ethicheck Ltd.,info@ethicheck.eu
Ammirata Guido S.R.L.,ammirata@kqnet.it
Feas Electronica S.A.,shaas@feaselectronica.com.ar
OXAIR Ltd.,info@oxair.com
Listem Corporation,ex2@listem.co.kr
O2 Concepts LLC,blindsay@o2-concepts.com
medifa-hesse GmbH & Co. KG,info@medifa.com
Chip Ideas Electronics SL eKuore,"info@ekuore.com, guillermo.lopez@ekuore.com"
ACL GmbH,info@acl-gmbh.de
"Hidea Solutions Co., Ltd.",sales@hidea.kr
N.G.MED Single Member Private Company S.M.P.C,info@ngmed.com
"H3 SYSTEM Co., Ltd.",hkim@h3system.co.kr
"KOWA COMPANY, LTD.",k-omori@kowa.co.jp
Xtreem Pulse LLC,info@xtreempulse.com
Micrylium Laboratoris Inc.,info@micrylium.com
WRP Asia Pacific Sdn Bhd,yes_wrp@wrpworld.com
"Tejidos Elasticos Lloveras, S.A.",lloveras@t-e-lloveras.com
PDI Europe Ltd.,info@pdi-europe.co.uk
Nüve Sanayi Malzemeleri Imalat ve Ticaret A.S.,sales@nuve.com.tr
"MiCoBioMed Co., Ltd.",salesbio@micobiomed.com
Cherry GmbH,info@cherry.de
Immunodiagnostic Systems Plc (IDS),info@idsplc.com
FITERMAN PHARMA SRL,export@fitermanpharma.ro
Sherleg Laboratories S.A.S,GVENTAS@SHERLEG.NET
Ginolis Ltd.,info@ginolis.com
Megasonic Medical,sebastian@crest-ultrasonics.com
"Sri Trang Agro-Industry Public Co., Ltd. Member of Sri Trang Group",glove@sritranggroup.com
Soterix Medical Inc.,contact@soterixmedical.com
RespInnovation SAS,info@respinnovation.com
"EYMASA - INTERSCHULLER, SL",info@eymasa.com
Bionen SAS di Barbara Nencioni e C.,info@bionen.it
Ritterwand GmbH & Co. KG Metall Systembau,rw@ritterwand.de
IC Medical GmbH,info@icmedical.de
User Interface Design GmbH,info@uid.com
Braster S.A.,contact@braster.eu
mandel + rupp medizintechnik gmbh,info@mandel-rupp.de
ADAM S.r.l.,info@med-adam.com
Ronco Disposable Products Ltd.,ronco@ronco.ca
Ellab GmbH,germany@ellab.com
STS Medical Group SARL,info@stsmedicalgroup.com
Greggersen Gasetechnik GmbH,info@greggersen.de
Kinduct Technologies Inc.,info@kinduct.com
Tactio Health Group Corporation Tactio Health Group,sales@tactiohealth.com
PreciPoint GmbH,contact@precipoint.de
Zulu Medical S.R.L.,info@zulumedical.net
MedM Inc,info@medm.com
TRILUX Medical GmbH & Co. KG,info@trilux-medical.com
Abaxis Europe GmbH,abaxis@abaxis.com
doclifecare GmbH,info@doclifecare.com
WEBECO GmbH,webeco-marketing@webeco.de
Dispotech S.r.l.,sales@dispotech.it
megro GmbH & Co. KG Medizintechnischer Großhandel,info@megro.de
REASUN SINGAPORE PTE. LTD.,tony@reasun.com.sg
Famos Medizintechnik Vertriebs GmbH,sales@famos-med.de
SHD ITALIA S.r.l.,shd@shd.it
Salvia medical GmbH & Co. KG,info@salvia-medical.de
Falcon Surgical Co. (Pvt.) Ltd.,adnan@falconsurgical.com
Impromediform GmbH,info@imf.de
Marcus Sommer SOMSO-Modelle GmbH,somso@somso.de
Wulff Entre Oy,sales.entre@wulff.fi
Business France,christiane.peslherbe@businessfrance.fr
Rostock Business / BioCon Valley,medica@rostock-business.de
Indesa SL,info@indesasl.es
Steripower GmbH & Co. KG,info@steripower.de
Konsulat der Republik Argentinien,cbonn@mrecic.gov.ar
TT Med Srl,info@ttmed.it
Gelsenkirchener Werkstätten für angepaßte Arbeit,sales@rettungstuch.com
Thailand - Department of International Trade Promotion,thaitradefrankfurt@gmail.com
Salucea BV,n.meijer@salucea.com
CENTRECO CENTREXPORT Loire,centrexport@centreco-asso.com
Cellab GmbH,info@cellab.eu
Medlab Products Ltd.,mlp.biuro@medlab-products.com.pl
Brussels Invest & Export,info@brusselsinvestexport.be
Brussels Invest & Export,info@brusselsinvestexport.be
TECNOCARE,info@tecnodent.it
HVM High Vacuum Maintenance S.r.l.,info@hvm-li.com
AMD Esafarma Srl,esafarma@esafarma.it
Egypt Expo & Convention Authority (EECA),medical@eeca.gov.eg
