exhibitor_name,email
Egypt Expo & Convention Authority (EECA),medical@eeca.gov.eg
Fapon Biotech Inc.,market@fapon.com
BIOSS NPF,sale@bioss.ru
Kinestica d.o.o.,info@kinestica.com
Business Sweden (The Swedish Trade & Invest Council),info@business-sweden.se
Massachusetts Life Sciences Center,info@masslifesciences.com
State of Pennsylvania,ra-trade@pa.gov
Israel Export & International Cooperation Institute,galits@export.gov.il
Israel Export & International Cooperation Institute,galits@export.gov.il
ADVANTAGE AUSTRIA Wirtschaftskammer Österreich,frankfurt@wko.at
Jüke Systemtechnik GmbH,info@jueke.de
Injecta GmbH,sales@injecta.de
M.V. s.r.l.,info@mvsrl.it
Dow Corning Europe SA,info@dowcorning.com
Furukawa Electric Europe Ltd. Furukawa NiTi,sales-niti@furukawa.co.uk
"Ming Tai Industrial Co., Ltd.",mtis@powerspring.com.tw
Amcor Flexibles,medical.europe@amcor.com
Ruetschi Technology AG,medical@ruetschi.com
PEKAGO COVERING TECHNOLOGY BV,info@pekago.nl
Kingstec Technologies Inc.,sales@kingstec.com
Riverside Medical Packaging Company Ltd.,sales@riversidemedical.co.uk
ZTS Hagmed Zajac i Tomaszewski Spolka Jawna,z.przerwa@hagmed.com
JOLINE GmbH & Co. KG,info@joline.de
AlphaWire,info@alphawire.com
NITTO KOHKI EUROPE GmbH,info@nitto.de
Bavaria Medizin Technologie GmbH,info@bavaria-medizin.de
KNF Neuberger GmbH,info@knf.de
Sonceboz S.A.,info@sonceboz.com
RAUMEDIC AG,info@raumedic.com
Wittenburg B.V.,info@wittenburgbv.nl
Konradin-Verlag Robert Kohlhammer GmbH,media.industrie@konradin.de
Metallux SA,info@metallux.ch
Rychiger AG,sales@rychiger.com
MPS Maschinen- & Pack-Systeme AG,info@mps-swiss.com
ALFASERVICE SRL,info@alfaservice.eu
QOSINA,info@qosina.com
Micronel AG,info@micronel.com
seleon gmbh,info@seleon.de
ET Elastomer Technik GmbH,info@elastomer-technik.com
Schröder Spezialglas GmbH,info@schroederglas.com
"Nathaniel Group, Inc.",sales@nathaniel.com
NIAMSH Co. Ltd.,info@niamsh.com
Fluid-o-Tech S.r.l.,info@fluidotech.it
ATMOS MedizinTechnik GmbH & Co. KG,info@atmosmed.de
FSP Power Solution GmbH,info@fsp-ps.de
DELTA LINE SA,info@delta-line.com
Delta Med S.p.A.,info@deltamed.biz
Hamamatsu Photonics Deutschland GmbH,dialog@hamamatsu.de
ADVANTAGE AUSTRIA Wirtschaftskammer Österreich,frankfurt@wko.at
ZAO EXPOCENTRE,centr@expocentr.ru
Touch Design e.K.,info@touch-design.com
Bonini S.r.l.,info@bonini.com
MeKo Laser Material Processing,laser@meko.de
Helvoet BV,info.healthtech@helvoet.com
Biosensors BV,a.smit@biosensors.com
Istanbul Chemicals & Chemical Products Exporters Association,ikmib@immib.org.tr
"Reed Sinopharm Exhibitions Co., Ltd.",ying.gu@reedsinopharm.com
"Electro A.D., S.L.",electroad@electroad.es
Tecnoideal S.r.l.,sales@tecnoidealsrl.com
Cendres+Métaux SA Medical Division,medical@cmsa.ch
SMC Pneumatik GmbH,info@smc.de
Inpac Medizintechnik GmbH,info@inpac-medizintechnik.de
Holzammer Kunststofftechnik GmbH,kontakt@holzammer.de
Gaedigk Feinmechanik & Systemtechnik GmbH,info@gaedigk.de
Franz Binder GmbH & Co. Elektrische Bauelemente KG,info@binder-connector.de
maxon motor ag,info@maxonmotor.com
Adelberg Laboratories Inc.,adelbergk@aol.com
Feuerstein GmbH,info@suprama.com
"Beijing Demax Medical Technology Co., Ltd.",info@demaxmedical.com
3D Plus SAS,aminez@3d-plus.com
ULMA Packaging S. Coop.,info@ulmapackaging.com
SABEU GmbH & Co. KG,vertrieb@sabeu.com
Portescap S.A.,sales.europe@portescap.com
Chetan Meditech Pvt. Ltd. (Biotek),info@biotekortho.com
Dunkermotoren GmbH,info@dunkermotoren.de
TPV Compound S.r.l.,antonella.castelli@tpvcompound.com
Magnet-Schultz GmbH & Co. KG,info@magnet-schultz.com
Siargo Ltd.,Info@Siargo.com
ebm-papst St. Georgen GmbH & Co. KG,info2@de.ebmpapst.com
Korea Medical Devices Industrial Coop. Association (KMDICA),hyi@medinet.or.kr
Dr. Fritz Faulhaber GmbH & Co. KG,info@faulhaber.de
Mondi Consumer Packaging GmbH,advanced.materials@mondigroup.com
Korea Medical Devices Industrial Coop. Association (KMDICA),hyi@medinet.or.kr
Saint-Gobain Performance Plastics,medical@saint-gobain.com
Rohde AG,info@rohde-technics.com
Mechatronic AG,mechatronic@mechatronic.de
Mi3 Limited,st@mi-3.co.uk
"Sunwell Shengdatong Co.,Ltd",sunwellsdt@126.com
Rommelag Kunststoff-Maschinen Vertriebsgesellschaft mbH,mail.rd@rommelag.com
Korea Medical Devices Industrial Coop. Association (KMDICA),hyi@medinet.or.kr
"Hangzhou Haizhu MIM Products Co., Ltd.",info@hzmim.com
Optinova AB,support@optinova.com
Frör Kunststofftechnik GmbH,info@froer-kunststofftechnik.de
Resilia s.r.l.,rita.mauri@innovative-vinyls.com
IRCA S.p.A.,rica@zoppas.com
Bürkert Fluid Control Systems GmbH & Co. KG,info@buerkert.de
MEDIPACK AG,info@medipack.ch
EE-Systems GmbH,support@ee-systems.de
Ocean Optics B.V.,info@oceanoptics.eu
SCHERDEL GmbH,info@scherdel.de
Moll Engineering GmbH,info@moll-engineering.de
VP Vereinigte Papierwarenfabriken GmbH,medpack@vp-group.de
WAREMA Kunststofftechnik und Maschinenbau GmbH,info.kunststofftechnik@warema.de
Gangwon Technopark,great_swy@gwtp.or.kr
Porvair Filtration Group Ltd. Wrexham Division,info@porvairfiltration.com
"Kashima Bearings, Inc.",intlsales@kashimabearings.com
Machine Solutions Corp./Inc.,INFO@VANTE.COM
Westfield Medical Limited,sales@westmed.co.uk
PLÜMAT,sales@pluemat.de
A UNO TEC S.r.l.,info@aunotec.it
GVS S.p.A.,info@gvs.it
"Sugatsune Kogyo Co., Ltd.",export@sugatsune.co.jp
Kendrion Kuhnke Automation GmbH,sales-ics@kendrion.com
FreeFORM A/S,info@free-form.dk
TUNCEL Silikon San. Tic. Ltd.Sti.,info@tuncelsilikon.com.tr
Peter Pflugbeil GmbH Medizinische Instrumente,info@pflugbeil.com
ASKION GmbH,info@askion.com
QUASAR / Medical Device Manufacturer,noa@quasar-med.com
"Tianjin Hanaco Xingda Medical Co., Ltd.",tjhanaco@126.com
Kettenbach GmbH & Co.KG,compamed@sugisponge.com
FRANK plastic AG,info@frankplastic.de
RCA Bignami S.R.L,rcabignami@rcabignami.com
OROS S.r.l.,commerciale@oros.it
GEMAC Gesellschaft für Mikroelektronik- anwendung Chemnitz mbH,info@gemac-chemnitz.de
Camozzi Spa,info@camozzi.com
Vention Medical,info@ventionmedical.com
Zeus Industrial Products,support@zeusinc.com
"Power Via Times Medical Co., Ltd.",
PROGRESS SILICONES S.A.S.,info@progress-silicones.fr
Flex Precision Plastics Solutions (Switzerland) AG,hag.info@flextronics.com
Clippard Europe S.A.,info@clippard.be
"Berpu Medical Technology Co., Ltd.",sales@berpu.com
OEM Medical,info@oem-medical.com
PKT Präzisions - Kunststoff-Teile GmbH,info@pkt-gmbh.de
Herotron E-Beam Service GmbH,info@herotron-medical.de
Hong Kong Trade Development Council,frankfurt.office@hktdc.org
Trade Development Authority of Pakistan (TDAP),parep.cdf@t-online.de
Mediseal GmbH,info@mediseal.de
Welsh Government,lifesciences@wales.gsi.gov.uk
Welsh Government,lifesciences@wales.gsi.gov.uk
MasterControl Global Ltd,INFO@MASTERCONTROL.COM
World Expo International Sp. z o.o.,office@world-expo.com.pl
Singapore Manufacturing Federation,contact@smfederation.org.sg
Singapore Manufacturing Federation,contact@smfederation.org.sg
INTROTEK INTERNATIONAL LP,sdidio@introtek.com
Maryland Department of Commerce,jessica.reynolds@maryland.gov
Super Brush LLC,dhenry@superbrush.com
nass magnet GmbH,info@nassmagnet.de
Canadian German Chamber of Industry and Commerce Inc.,messeduesseldorf@germanchamber.ca
Canadian German Chamber of Industry and Commerce Inc.,messeduesseldorf@germanchamber.ca
Canadian German Chamber of Industry and Commerce Inc.,messeduesseldorf@germanchamber.ca
Canadian German Chamber of Industry and Commerce Inc.,messeduesseldorf@germanchamber.ca
Canadian German Chamber of Industry and Commerce Inc.,messeduesseldorf@germanchamber.ca
Canadian German Chamber of Industry and Commerce Inc.,messeduesseldorf@germanchamber.ca
Solidtec GmbH,info@solidtec.de
Produkt Service Erdt GmbH,info@erdt-gruppe.de
Egypt Expo & Convention Authority (EECA),medical@eeca.gov.eg
ARIES - Trieste Chamber of Commerce,promo@ariestrieste.it
Vascutek Ltd. a TERUMO Company,j.veitch@vascutek.com
Schlaeger M-Tech GmbH,info@schlaeger.com
Wild GmbH,sales@wild.at
Halfar System GmbH Rucksäcke und Taschen,info@halfar.com
Sefar AG,medicalcomponents@sefar.com
Fonderia Taroni Di Taroni Roberto & C. SNC,max@fonderiataroni.com
GEA Tiromat Packaging GEA Food Solutions Germany GmbH,info@gea.com
USD Formteiltechnik GmbH,info@usdform.de
Parmaco Metal Injection Molding AG,info@parmaco.com
Rico Elastomere Projecting GmbH,office@rico.at
thermo Flächenheizungs GmbH,info@thermo.de
Heinz Schade GmbH,post@heinz-schade.de
Extrudex Kunststoffmaschinen GmbH,info@extrudex.de
Grieshaber GmbH & Co. KG,info@grieshaber-praezision.de
Mozart AG,info@mozart-blades.de
Japan Agency for Medical Research and Development,hideyuki-asano@amed.go.jp
Israel Export & International Cooperation Institute,galits@export.gov.il
Securiton GmbH Alarm- und Sicherheitssysteme,info@securiton.de
Wearable Technologies AG,info@wearable-technologies.com
Sofar S.p.A.,info@sofarfarm.it
Nano4Imaging GmbH,info@nano4imaging.com
"PIEMONTE Agency for Investments, Export and Tourism / Centro Estero per l'Internazionalizzazione s.c.p.a.",lifesciences@centroestero.org
"Wilson Instruments (SHA) Co., Ltd.",sales802@heyinovo.com
Thüringen c/o medways e.V.,info@medways.eu
UNISIS Corp.,o-sales@unisis.co.jp
CONSOBIONET CONSORZIO con attività esterna,info@consobionet.it
"Guangzhou Longest Science & Technology Co., Ltd.",export@longest.cn
Beltron GmbH,info@beltron-gmbh.com
ACIG Medizintechnik-Ausstellung,info@acig.de
German Healthcare Export Group (GHE) e. V.,info@gheg.de
Forschung für die Zukunft c/o Otto-von-Guericke-Universität Magdeburg TTZ,messen@ovgu.de
Karl Kaps GmbH & Co. KG,info@kaps-optik.de
The Gambica Association Limited,info@gambica.org.uk
Mecmaan Healthcare Pvt. Ltd.,info@mecmaan.com
IguanaMed,sales@iguanamed.com
Werkstatt für angepasste Arbeit GmbH,info@wfaa.de
GALMED Medical Equipment Producer Marian Meger,biuro@galmed.com.pl
Fortune Enterprise LLC,fortuneenterprise@aol.com
Riverstone Resources Sdn Bhd.,sales@riverstone.com.my
Sutcon Sutures,sutcon@sutcon.net
PowerMedic ApS,ag@pmlas.com
Andrew Alliance S.A.,contact@andrewAlliance.com
ABM Italia S.p.A.,info@apmedical.it
Afri Medical Egypt,export@afrimedical.com
Foot Science International,marketing@footscienceinternational.co.nz
A1 Pharmaceuticals Plc.,enquiries@a1plc.co.uk
BioDot Limited,trish.morley@biodot.com
BGS Beta-Gamma-Service GmbH & Co. KG,info@bgs.eu
BETASAN TIBBI BANT SAN VE TIC. A.S.,info@betasan.com.tr
Boddingtons Plastics Ltd,sales@boddingtons.co.uk
Edif Instruments S.r.l.,
BLACKROLL AG,support@blackroll.com
MPS Micro Precision Systems AG,info@mpsag.com
CONSOMED Limited Company,export@conso-med.com
AVS Ing. J.C. Römer GmbH,christian.mandl@avs-roemer.de
Memry GmbH,europe@memry.com
Rauschert Heinersdorf-Pressig GmbH,info@prg.rauschert.de
EPIGAP Optronic GmbH,sales@epigap-optronic.de
ABIMO Brazilian Medical Devices Manufacturers Association,laisa@abimo.org.br
ABIMO Brazilian Medical Devices Manufacturers Association,laisa@abimo.org.br
ABIMO Brazilian Medical Devices Manufacturers Association,laisa@abimo.org.br
FOMENTEX - Fundación para el fomento del sector textil,laura@ateval.com
saarland.innovation&standort e.V.,info@saar-is.de
Societa Consortile A R.L. Concreta,amministrazione@concreta.info
Associação Selectiva Moda,selectivamoda@mail.telepac.pt
KOTRA Korea Trade-Investment Promotion Agency,vanessa.frank@kotra.or.kr
Ludwig Artzt GmbH Produkte für Sport und Gesundheit,info@artzt.eu
Sanctuary Health Sdn. Bhd.,info@sanctuaryhealth.com.my
"Kaigo Co., Ltd.",messeduesseldorf@kaigo.com.tw
Danish Health Tech Group (Danish Export Association),thomas.andersen@dk-export.dk
Gesellschaft zur Förderung des Maschinenbaues mbH (GzF),pwz@vdma.org
Wirtschaft und Stadtmarketing Pforzheim (WSP),info@ws-pforzheim.de
Micronarc c/o FSRM,info@micronarc.ch
Luxilon Industries NV,mail@luxilon.be
SEIRIN CORPORATION,ykikuchi@seirin.tv
TECNA SRL,sales@tecnasrl.com
Blockwise Engineering LLC,sales@blockwise.com
BW-TEC AG,info@bwtec.com
Ernst Kratz GmbH,ernstkratz@acufirm.de
BEWATEC Kommunikationstechnik GmbH,info@bewatec.com
Telemed Ltd.,info@telemed.lt
CONSOBIONET CONSORZIO con attività esterna,info@consobionet.it
Enable Innovations S.R.L.,info@enableinnovations.it
Medifly SRL,info@medifly.it
The Gambica Association Limited,assoc@gambica.org.uk
medways e.V.,info@medways.eu
dantschke Medizintechnik GmbH & Co. KG,info@dantschke-med.de
ACIG Medizintechnik-Ausstellung,info@acig.de
Jena Med Tech GmbH,info@jena-medtech.com
PIAI ORTOTECH S.R.L.,info@piaiortotech.it
"Ambulanc (Shenzhen) Tech. Co., Ltd.",info@ambu-lanc.com
Israel Export & International Cooperation Institute,galits@export.gov.il
ADK Modulraum GmbH,info@adk.Info
Borcad cz s.r.o.,borcad@borcad.cz
Akudmedpharm GmbH,info@akud-medpharm.de
Erlen GmbH,info@erlen.de
Top Engineering Sàrl,info@top-eng.ch
PEGISDAN SRL,pegisdan@pegisdan.com
heckel medizintechnik GmbH,info@heckel-medizintechnik.de
VDE Verband der Elektrotechnik Elektronik Informationstechnik e.V.,service@vde.com
Medispec Ltd.,marketing@medispec.com
Philips Healthcare BV,healthcare.deutschland@philips.com
"Duk-In Co., Ltd.",dukin@dukin.com
HÖRTIG rohrpost GmbH,info@rohrpost.de
Carestream Health Deutschland GmbH,em_marketing@carestream.com
Lischka GmbH,info@made-by-lischka.de
"SEQUOIA-TWN HEALTHCARE Co., Ltd.",mikebotn@sequoiahealthcare.com
Discher Technik GmbH,info@discher.de
Belimed GmbH,info.de@belimed.com
SCHIPPERS-MEDIZINTECHNIK Dr. Ing. Harald Schippers,info@schippers-med.com
Miele & Cie. KG Vertriebsgesellschaft Deutschland,info@miele-professional.de
"BAO-Health Medical Instrument Co., Ltd.",info@bao-health.com
"Klaro, spol. s r.o.",klaro@klaro.cz; export@klaro.cz
Cantel Medical Asia/Pacific Pte. Ltd.,csnl@medivators.com
KOCH Pac-Systeme GmbH,info@koch-pac-systeme.com
"BQ Plus Medical Co., Ltd",chris@nelson-medical.com
II-VI Deutschland GmbH,ir.info.de@ii-vi.com
"Fujian Huize Biotechnology Co., Ltd.",jfexpo1@163.com
All Sensors GmbH,info.de@allsensors.com
MELITEK A/S,info@melitek.com
Sterne SAS,celine.laget@sterne-elastomere.com
Gerresheimer Regensburg GmbH,info-mps@gerresheimer.com
KIEFEL GmbH,kiefel@kiefel.de
Optima Scandinavia AB,info@optima.se
"Shenzhen Power Motor Industrial Co., Ltd",648710957@qq.com
ALL FLEX S.r.l.,info_it@all-flexgroup.com
Accumold LLC,micromolding@accu-mold.com
GlobTek Inc.,sales@globtek.com
ALBIS PLASTIC GmbH,info@albis.com
Molex Deutschland GmbH,mxgermany@molex.com
Staiger GmbH & Co. KG,sales@staiger.de
Haemotronic S.p.A.,marco.goldoni@haemotronic.it
livetec Ingenieurbüro GmbH,info@livetec.de
Wacker Chemie AG,info@wacker.com
Schwarzer Precision GmbH + Co.KG,info@schwarzer.com
Oliver-Tolas Healthcare Packaging BV,info@oliver-tolas.com
Variohm Eurosensor Ltd,sales@variohm.com
Pall GmbH,medical_info@pall.com
SONOTEC Ultraschallsensorik Halle GmbH,sonotec@sonotec.de
Dispomedica GmbH,info@dispomedica.de
GAMA GROUP A.S.,sales@gama.cz
Bemis Healthcare Packaging Ltd.,bhpeu@bemis.com
sfm medical devices GmbH,info@sfm.de
Gardner Denver Thomas GmbH,thomas.de@gardnerdenver.com
Primasil Silicones Limited,medisil@primasil.com
The West Group Limited,sales@westgroup.co.uk
Argotech a.s.,medicine@argotech.cz
DSM,info.biomedical@dsm.com
HMC Premedical S.p.A.,info@hmcgroup.it
Axxicon Moulds Eindhoven B.V.,eindhoven@axxicon.com
"Argon Medical Devices, Inc.",barbara.anderson@argonmedical.com
Iftest AG,info@iftest.ch
Silicone Altimex Ltd.,enquiries@silalt.co.uk
Halkey-Roberts Corporation,sales@halkeyroberts.com
Jauch Quartz GmbH,info@jauch.de
microfluidic ChipShop GmbH,sales@microfluidic-chipshop.com
Martech Medical Inc.,doreen@martechmedical.com
Kirchner und Müller Lasertechnik GmbH,mail@kmlt.de
Tipromed srl,sales1@tipromed.it
Aristotech Industries GmbH,service@aristotech.de
LEONI elocab GmbH,healthcare@leoni.com
ITW Medical - Coeur & Filtertek,mdoherty@itwmedical.com
Teleflex Medical OEM,oeminfo@teleflex.com
"Maider Medical Industry Equipment Co., Ltd.",web@maiderchina.com
Modenplast Medical S.r.l.,modenplast@modenplast.com
JEB Technologies Ltd.,sales@jeb-technologies.com
Zoltrix Material (Guangzhou) Limited,enquiry@cn-innovations.com
SORACHIM SA,contact@sorachim.com
"Wenzhou Naisi Health Product Co., Ltd.",vincent@cnnaisi.com
TITI GLOVE SDN. BHD.,marketing@alglove.com
saarland.innovation&standort e.V.,info@saar-is.de
Datrend Systems Inc.,customerservice@datrend.com
Luto Research Limited,solutions@lutoresearch.com
Backer BHV AB / Div. Calesco,fredrik.andersson@calesco.se
Herga Technology Limited,sales@herga.com
ElringKlinger Kunststofftechnik GmbH,info.ekt@elringklinger.com
SCHNEEBERGER GmbH,info-d@schneeberger.com
SLV M-V GmbH,office@slv-rostock.de
medical index GmbH,info@medical-index.de
RehaWash Systems GmbH,info@rehawash.com
PROVIX Co. Ltd.,phillip@provix.co.kr
Geltek-Medica Ltd.,info@geltek-medica.ru
Seal Shield,robyn.ewers@sealshield.com
"hdg-Tresore, Inh. Andreas Korn e.K.",info@hdg-tresore.de
Netzwerk für innovative Zulieferer in der Medizintechnik (NeZuMed),info@senetics.de
Business France,peslherbe@businessfrance.fr
Atlas Medical Ltd.,info@atlas-site.co.uk
"Aikang Medtech Co., Ltd.",liuyanni@aikang-medical.com
Batz Hungary Kft.,export@batz.hu
"Cellspect Co., Ltd",sales@cellspect.com
"Guangzhou Improve Medical Instruments Co., Ltd.",ft@improve-medical.com
Active Key GmbH & Co. KG,info@activekey.de
"Beston Medical Plastics and Devices Co., Ltd.",sales@bestonmed.com
ebm-papst ZEITLAUF GmbH & Co. KG,info4@de.ebmpapst.com
MOVING MAGNET TECHNOLOGIES SA,guillaume.keltz@movingmagnet.com
NoIR Laser LLC,mary.klinke@noirlaser.com
EMS Handels Gesellschaft mbH,office@emsbiomed.com
TSE spol. s r. o.,medical@tse.cz
CYBERNET MANUFACTURING INC.,sales@cyberneteurope.com
JETRO (Japan External Trade Organization),sid@jetro.go.jp
Mopec LLC,info@mopec.com
Ergolet by Winncare Nordic,export@ergolet.dk
Berlin Partner für Wirtschaft und Technologie GmbH,info@berlin-partner.de
GPE Plast Engineering GmbH,info@gpe-kunststofftechnik.de
Amolab s.r.l.,info@amolab.it
SCIFIT,nfrasier@scifit.com
APPSfactory GmbH,info@appsfactory.de
Fisher & Paykel Healthcare GmbH,info@fphcare.de
Lite-On Technology Corporation Hsinchu Science Park Branch,miguel.chang@liteon.com
Medical Computer Systems Ltd.,mks@mks.ru
LEA Medizintechnik GmbH,info@lea.de
Biotech GmbH,office-de@biotech-medical.com
Schyns Medizintechnik GmbH,info@schyns.de
Air-Log International GmbH,info@air-log.de
A-mi Global Co. Ltd.,drmedkorea@gmail.com
Greiner Bio-One GmbH,office@at.gbo.com
Comdek Industrial Corp.,cpkuo@comdek.com
Accutronics an Ultralife Company,sales@accutronics.co.uk
SP Medical A/S,"gw@sp-medical.dk, info@sp-medical.dk"
Generalstamp s.r.l.,info@generalstamp.com
Fried Kunststofftechnik GmbH,info@fried.de
"China Xiaogan Sanjiang Redpeak Electronics and Machinery Co., Ltd.",yzy@gauze-machinery.com
Cyient GmbH,emea-connect@cyient.com
2Spring BV,info@2spring.com
GEAF S.r.l.,commerciale.geaf@geaf.net
"Changzhou Xietong Industries Co., Ltd.","davidzhu@yong-hua.com, davidzhu@exportxt.com"
Fort Wayne Metals,info@fwmetals.com
Fraunhofer EMFT,contact@emft.fraunhofer.de
LUC & BEL Srl.,vendite@luc-bel.com
RRC power solutions GmbH,sales@rrc-ps.de
Optoflux GmbH,info@optoflux.com
IDEX Health & Science LLC,customerservice.hseurope@idexcorp.com
Eastman Chemical B.V.,medical@eastman.com
BYTEC Medizintechnik GmbH,info@bytecmed.com
Carl Haas GmbH,info@carl-haas.de
STARLIM Spritzguss GmbH,messe@starlim-sterner.com
Diener Precision Pumps Ltd.,switzerland@dienerprecisionpumps.com
Precision Medical Plastics Ltd.,"hannahgui@cnmediplastics.com, lisa_liu@cnmediplastics.com"
Bühler Motor GmbH,info@buehlermotor.com
"MicroLumen, Inc.",sales@microlumen.com
Stansomatic A/S,post@stansomatic.dk
CoorsTek Medical Inc.,info@coorstek.com
Filtrop AG,info@filtrop.com
"Shandong Branden Medical Device Co., Ltd.",liuzg@brandentech.com
Messe Düsseldorf North America,info@mdna.com
Messe Duesseldorf China Ltd.,info@mdc.com.cn
ADVANTAGE AUSTRIA Wirtschaftskammer Österreich,frankfurt@wko.at
"U.S. Department of Commerce, U.S. Commercial Service",Office.Dusseldorf@trade.gov
"AJW Technology Consultants, Inc.",WardJP@ajwtech.com
Amsino International Inc.,Jeff_Fong@amsino.com
Centurion Medical Products Corp.,contactus@centurionmp.com
"Cincinnati Sub-Zero Products, Inc.",allison.doviak@genthermcsz.com
"Flagship Surgical, LLC",info@flagshipsurgical.com
PTS Diagnostics,ahileman@ptsdiagnostics.com
"THERAFIRM, a brand of Knit Rite, Inc",foreign@knitrite.com
Weaver and Company,info@weaverandcompany.com
Carclo Technical Plastics Ltd.,sales@carclo-plc.com
TRINAMIC Motion Control GmbH & Co. KG,tmc_info@trinamic.com
SCHUMO AG,info@schumo.ch
Speedturtle Lda.,omercial@speedturtle.pt
PSICONTROL NV,koen.lagae@psicontrol.com
BS-rep GmbH,info@sensor-rep.de
Kurt Meder GmbH,info@federmeder.de
Micronarc c/o FSRM,info@micronarc.ch
ilcon GmbH Linear Actuator Concepts,info@ilcon.com
Happersberger Otopront GmbH,info@otopront.de
"Novodiax, Inc.",info@novodiax.com
LOS Laser-Optik-Systeme GmbH & Co. KG,los@otopront.de
Messe Duesseldorf China Ltd.,info@mdc.com.cn
NAMSA Inc.,knielsen@namsa.com
Photonik in den Lebenswissenschaften c/o Leibniz-Institut für Photonische Technologien e.V.,institut@leibniz-ipht.de
Pöppelmann GmbH & Co. KG Kunststoff-Werkzeugbau,info@poeppelmann.com
MTC INVITRO DIAGNOSTICS AG,info@mtcinvitro.com
"Real Staffing Group, a trading division of SThree GmbH",germany.enquiries@realstaffing.com
Crosstex International Inc.,crosstex@crosstex.com
L.A. Sports GmbH & Co. KG,info@body-sculpture.com
HS Informatik IT-Consulting e.U.,office@hsinformatik.at
"Honda Electronics Co., Ltd.",me@honda-el.co.jp
THI Total Healthcare Innovation GmbH,office@thigmbh.at
VASEMA GmbH,office@vasema.com
WILDDESIGN GmbH & Co. KG,info@wilddesign.de
Lenzing Plastics GmbH & Co. KG,profilen@lenzing-plastics.com
Technoclone GmbH,sales@technoclone.com
Hagleitner Hygiene International GmbH,crm@hagleitner.at
AMACO GmbH,amaco@amaco.at
LISAvienna,office@lisavienna.at
CNSystems Medizintechnik AG,office@cnsystems.com
Steinbichler Austria GmbH,office@steinbichler-austria.at
STRATEC Consumables GmbH,info.anif@stratec.com
schepp medtech GmbH,office@schepp.at
MED TRUST Handelsges.m.b.H.,lenz@medtrust.at
Life Science Austria (Austria Wirtschaftsservice GmbH),e.beck@awsg.at
Human.technology Styria GmbH,office@human.technology.at
"Shenzhen Emperor Electronic Technology Co., Ltd.",business@china-emperor.com
S.I.C Entwicklungs- und Vertriebs GmbH,info@sic-design.de
A.M.I. GmbH Agency for Medical Innovations,marketing@ami.at
ADVANTAGE AUSTRIA Wirtschaftskammer Österreich,frankfurt@wko.at
ADVANTAGE AUSTRIA Wirtschaftskammer Österreich,frankfurt@wko.at
CARE diagnostica Produktions- und Vertriebsgesellschaft m.b.H.,mail@care.co.at
Diagnosticum Zrt.,vszolg@diagnosticum.hu
Condor ® GmbH Medicaltechnik,info@condor-med.de
ViennaLab Diagnostics GmbH,info@viennalab.com
Dexerials Corporation,
DITABIS Digital Biomedical Imaging Systems AG,contact@ditabis.de
THIEME GmbH & Co. KG,info@thieme.eu
CeramTec GmbH,info@ceramtec.de
Air Engineering Controls Ltd,sales@aegroup.uk.com
HB Technologies AG,hbt@h-net.com
Steripac GmbH,info@steripac.com
Adhesives Research Ireland Ltd.,cgarry@arglobal.com
System Industrie Electronic GmbH,info@sie.at
Zwick GmbH & Co. KG,info@zwick.com
Degania Silicone Europe GmbH,info@degania-silicone.de
Anecto Ltd.,sales@anecto.com
Harro Höfliger Verpackungsmaschinen GmbH,info@hoefliger.de
Promepla,sales@promepla.com
Eurofins BioPharma Product Testing Munich GmbH,info-munich@eurofins.com
Phillips-Medisize BV,eu_sales@phillipsmedisize.com
Adroit Mfg. Co.,"adroitmfg@yahoo.com, enquiry@adroitmfg.com"
Dynamis Batterien GmbH,info@dynamis-batterien.de
A&D Verpackungsmaschinenbau GmbH,info@adpack.eu
Encaplast S.r.l.,info@encaplast.com
HEXPOL TPE AB,mediprene@elasto.se
Lutz GmbH & Co. KG,info@lutz-blades.com
Vernay Europa B.V.,sales@vernay.com
HJK Sensoren und Systeme GmbH & Co. KG,info@hjk.de
OSYPKA AG,mail@osypka.de
Surgical Specialties Corporation,stuff@surgicalspecialities.com
"Dainichi., Ltd.",y-tani@kk-dainichi.co.jp
SCHOTT AG Lighting & Imaging,lightingimaging@schott.com
MHMedical Tec GmbH,romy.ehrhard@mhmedical-tec.de
AD VERBUM Ltd.,info@adverbum.com
OMNITRON Griese GmbH,info@omnitron.de
"ASAHI INTECC Co., Ltd.",emea-oem@asahi-intecc.com
PHOTON ENERGY GmbH,info@photon-energy.de
Barcelona Chamber of Commerce Cambra de Comerc de Barcelona,jmgomes@cambrabcn.org
Albatroz Consulting Dr. Gert Hartoch,sales@albatroz.eu
OKW Odenwälder Kunststoffwerke Gehäusesysteme GmbH,info@okw.com
Herbert Waldmann GmbH & Co. KG,info@waldmann.com
RPS Diagnostics Inc.,frisbie@rpsdetectors.com
"Clinical Computer Systems, Inc. - OBIX",marketing@obix.com
Müller-Instrumente Alexandra C. Müller-Diener,info@mueller-instrumente.com
medavis Medizinische Informations Systeme GmbH,info@medavis.com
SCHOTT AG Electronic Packaging,ep.info@schott.com
SCHOTT AG Advanced Optics,info.optics@schott.com
T2med GmbH & Co KG,info@t2med.de
Personal MedSystems GmbH,info@cardiosecur.com
"Technische Universität Berlin IGE - Innovationszentrum Technologien Gesundheit und Ernährung, BeMobil",bemobil@ige.tu-berlin.de
BBB Inc.,contact@bbbtech.com
ERGOSIGN GmbH,contact@ergosign.de
SEMITEC Corporation,overseas@mail.semitec.co.jp
PHYTEC Messtechnik GmbH,contact@phytec.de
"JKB Co., Ltd.",info-553gt@jkb-net.co.jp
"Nikkiso Giken Co., Ltd",j.miyauchi@nikkiso.co.jp
MedNet GmbH,info@medneteurope.com
Sinomech Singapore Pte Ltd,info@sinomech.com.sg
Probe & go Labordiagnostica GmbH,info@probe-go.de
NAVAILLES SAS,info@navailles.fr
DataFlow Group LLC,sales@dataflowgroup.com
Sommer GmbH,web@is-sommer.com
Alpingomma s.r.l.,info@alpingomma.it
Wipak Oy,info@wipak.com
Nusil Technology Europe SARL,gaelles@nusil.com
FRIWO Gerätebau GmbH,sales@friwo.com
"SHINKO ELECTRIC INDUSTRIES CO., LTD.",research-medical@shinko.co.jp
EPflex Feinwerktechnik GmbH,info@epflex.com
Elcam Medical,sales@elcam.co.il
Geeplus Europe Ltd.,info@geeplus.biz
DirectMed Ltd.,clemens@directmed.com
ASCO Numatics GmbH,asconumatics-de@emerson.com
OPTIMA life science GmbH,info@optima-lifescience.com
JVS Sales & Technical Consultants GmbH,sales@jvs.de
rose plastic medical packaging GmbH,info@rose-medipack.com
"Foremount Enterprise Co., Ltd.",sales@foremount.com
Freudenberg Medical Europe GmbH,info@freudenbergmedical.de
SUMITA OPTICAL GLASS EUROPE GmbH,info@sumita.eu
Valtronic Technologies (Suisse) SA,info@valtronic.com
Serumwerk Bernburg AG,info@serumwerk.de
AMB Industri AB,jh@amb.se
AH Metal Solutions A/S,ah@ah-dk.dk
NOF CORPORATION,g_honn_ls@nof.co.jp
Contour Electronics Ltd.,sales@contourelectronics.com
Smiths Connectors Hypertac GmbH,info.de@smithsconnectors.com
Seaborne Plastics s.r.o.,sales@seaborne.co.uk
Compounding Solutions LLC,info@compoundingsolutions.net
ALLIANCE MIM SA,alliance-mim@alliance-mim.com
"Hangzhou Cobetter Filtration Equipment Co.,Ltd",andres@cobetterfilter.com
Composites Busch S.A.,medical@busch.ch
MULTIVAC Sepp Haggenmüller SE & Co. KG,multivac@multivac.de
Dunn Industries Inc.,info@dunnindustries.com
Bluestar Silicones France SAS,webmaster.silicones@bluestarsilicones.com
Sono-Tek Corporation,info@sono-tek.com
Trinseo Europe GmbH,cig@trinseo.com
Acro Associates Europe BV,europe@acro.eu.com
"Natvar, A Tekni-Plex Company",natvareurope@tekni-plex.com
Scapa Healthcare PLC,healthcare@scapa.com
"Atrion Medical Products, Inc.",info@atrionmedical.com
Lumenous Device Technologies Corp.,daslanidis@lumenous.com
Meditop Co.,khy0309@meditop21c.com
"ATEX CO., LTD.",sales@atexmedical.com
"BNR Co., Ltd.",vaxcon99@gmail.com
"N-Finders Co., Ltd.",nfinders@nfinders.com
"Osteonic Co., Ltd.",younghkim@ostoenic.com
"Mobiu Co., Ltd.",info@mobiu.co.kr
"Sungkwang Meditech Co., Ltd",skmeditech@skmeditech.com
"WONBIOGEN Co., Ltd.",jhjung@innopathintl.com
"Sungwon Medical Co., Ltd.",kirsty@swmed.kr
"Bio Medical Technologies Co., Ltd.",bmtech@bm-tech.co.kr
Apro Korea Inc.,global@apro-korea.co.kr
"Altochem Co., Ltd.",altoall@altochem.com
"Chammed Co., Ltd.",mj@chammed.co.kr
"ZERONITEC Co., Ltd.",info@zeronitec.com
"BS Medical Co., Ltd.",master@info-bsm.com
"Bistos Co., Ltd.",bistos@bistos.co.kr
"Color Seven, Inc.",sales@color7.co.kr
"Chungwoo Medical Co., Ltd.",sale@mycw.co.kr
"Ecotron Co., Ltd.",export@ecotron.co.kr
"Charmcare Co., Ltd.",info@charmcare.com
"ENERGIUM CO., LTD.",sales@energium.com
"H&Surgical Co., Ltd.",hnsurgical@hnsurgical.com
"Dentis Co., Ltd.",xerhua@dentis.co.kr
"Daiwha Corp., Ltd.",overseas@daiwha.com
"Haesung Optics Co., Ltd.",sjjeong@hso.co.kr
"Doctor Supply Co., Ltd.",ask@doctorsupply.co.kr
"IMEDICOM Co., Ltd.",leejames@imedicom.co.kr
"Huons Co., Ltd.",birdie84@huons.com
"Hanmed Co., Ltd.",hanmed.koreahq@gmail.com
"MCAREKOREA Co., Ltd.",mcarekorea@naver.com
"INNOSONIAN, Inc.",info@innosonian.com
"MedicalPark Co., Ltd.",info@medicalpark.co.kr
"OBELAB, Inc.",hannaoh@obelab.com
"Maxstar Industrial Co., Ltd.",speed1@maxstar.co.kr
Labgenomics Co. Ltd.,lukas@labgenomics.com
"S-CONNECT CO.,LTD",yoonsung@s-connect.co.kr
"REMED Co., Ltd",peter_yoon@remed.kr
Medonica Co. Ltd.,info@medonica.com
Rev-Med Inc.,revmedkorea@gmail.com
"WELBUTECH CO., LTD",sales@welbu.com
"P&S Mechanics Co., Ltd.",walbot@walkbot.co.kr
"Renosem Co., Ltd.",renosem@renosem.com
"StraTek Co.,Ltd.",stratek1998@gmail.com
SEAL TECH CO. LTD.,evoss@esealtech.com
"Sciencemedic Co., Ltd.",sgjun@sciencemedic.com
Won Industry Co.,wonmol@naver.com
"Wonjin Mulsan Co., Ltd.",wonjin@wonjininc.com
"Fluid Metering, Inc.",pumps@fmipump.com
Janssen GmbH logistics and service,info@janssen-gmbh.de
AIT Austrian Institute of Technology GmbH,ana.skupch@ait.ac.at
allomed Medizintechnik GmbH,office@allomed.at
Montavit GmbH,pharma@montavit.com
MICROS Produktions- und Handelsges.m.b.H.,office@micros.at
Photonic Optische Geräte GmbH & Co. KG,office@photonic.at
ProteomeTech Inc.,ejyoo@proteometech.com
Rosnes Corporation,sales@rosnes.jp
"Satte Spring Co., Ltd.",sattesp-soumu@beach.ocn.ne.jp
COE Carl Ostermann Erben GmbH,m.halfar@coe-bremen.de
SIMEKS TIBBI URUNLER SAN VE TIC LTD STI,info@simeksmedical.com
"Nogamigiken Co., Ltd.",k-fushimi@nogami-gk.co.jp
Synergy Health Sterilisation UK Ltd.,info@steris.com
Resonetics LLC,sales@resonetics.com
Willo AB,johan.backgard@willo.se
SWISS PAVILION - Medical Cluster,mail@medical-cluster.ch
IVAM Microtechnology Network,info@ivam.de
Nipro Corporation,yoshimura-masaya@nipro.co.jp
AOTI Inc. and AOTI Ltd.,INTERNATIONALSALES@aotinc.net
CSEM S.A.,info@csem.ch
ROFIN-BAASEL Lasertech GmbH & Co. KG,sales-micro@rofin.de
Micreon GmbH,kamlage@micreon.de
OPTIPRINT AG,info@optiprint.ch
ELECTROMAG SA,info@electromag.ch
Hahn-Schickard-Gesellschaft für angewandte Forschung e.V.,info@hahn-schickard.de
Berliner Glas KGaA Herbert Kubatz GmbH & Co.,medical@berlinerglas.de
Microspec Corp.,info@microspecorporation.com
STATICE Innovation SAS,commercial@statice.com
LLT Applikation GmbH,info@llt-ilmenau.de
"OCP GROUP, Inc.",sales@ocp.com
Public Interest Incorporated Foundation Hamamatsu Agency for Innovation,info@hai.or.jp
CEFAMOL Associacao Nacional da Industria de Moldes,cefamol@cefamol.pt
Deutsches Patent- und Markenamt München,info@dpma.de
"Suecos Footwear, S.L.",export@suecos.eu
PENTAX Europe GmbH,info.emea@pentaxmedical.com
BioGnost Ltd.,biognost@biognost.hr
STERLAB SA,jlintz@sterlab.com
CN Group CZ s.r.o.,info@cngroup.dk
Fey Elektronik GmbH,info@feyelektronik.de
CKD Corporation,info@ckd-eu.nl
Prent Denmark ApS,prent@prent.com
Technogel Germany GmbH,info@technogel.de
Coligroup S.p.A.,info@colimatic.it
Healthcare Technology International Ltd.,
EUROPIN s.r.o.,martin.sorf@europin.sk
melab Medizintechnik und Labor GmbH,info@melab.de
Novoplast Schlauchtechnik GmbH,info.novoplast@masterflexgroup.com
DR DELIBALTAS LTD- ELECTROCHEM,info@electrochem.eu
Fluid Automation Systems SA,fas@imi-precision.com
Serrations Ltd.,enquiries@serrations.com
ALL-WRAP Packaging Machinery Sarl,info@all-wrap.com
LEE Hydraulische Miniaturkomponenten GmbH,info@lee.de
Ceramaret SA,info@ceramaret.ch
Micro Systems Technologies Management AG,info@mst.com
Asetronics AG,info@asetronics.ch
Vogel Business Media GmbH & Co. KG,info@vogel.de
A. Hopf Kunststoffverarbeitung GmbH,info@hopf-kunststoff.de
EZM Edelstahlzieherei Mark GmbH,kontakt@ezm-mark.de
GlobalMed Inc.,sales@globalmedinc.com
Nolato Medical,medical@nolato.com
Tsunami srl,tsunamimedical.info@me.com
Möller Medical GmbH,info@moeller-medical.com
Bartels Mikrotechnik GmbH,info@bartels-mikrotechnik.de
Parker Hannifin Corp. Precision Fluidics Division,parker.germany@parker.com
ACI Laser GmbH,info@aci-laser.de
BillerudKorsnäs A/B,info@billerudkorsnas.com
Pharma Systems AB,info@pharmasys.se
MARPOSS S.p.A.,marposs-mkt@de.marposs.com
Fischer Connectors GmbH,mail@fischerconnectors.de
Sterigenics,info@sterigenics.com
BOWA-electronic GmbH & Co. KG,info@bowa.de
Sasse Elektronik GmbH,info@sasse-elektronik.de
"FUTA-Q, Ltd.",futa-q@futaku.co.jp
Tommy Nielsen ApS,tn@tommy-nielsen.dk
Excelsys Technologies Limited,sales@excelsys.com
Acme Monaco Corporation,acmecorp@acmemonaco.com
Riverpoint Medical LLC,info@rpmed.com
Nelipak Healthcare Packaging,info@nelipak.com
CIKAUTXO S.COOP.,iprincip@cikautxo.es
Flextrus AB,info@flextrus.com
Johnson Matthey PLC Noble Metals,nobleuk@matthey.com
NEXANS,thierry.rodrigues@nexans.com
Covestro Deutschland AG,info@covestro.com
LOEW Präzisionsteile GmbH,info@loew-praezision.de
G&M Tech Inc.,info@gnmtechinc.com
PREMEK HI TECH S.R.L.,info@premek.it
Carville Ltd.,sales@carville.co.uk
Nordson MEDICAL Corp.,sales@nordsonmedical.com
Power-Tech Keyboard Switch Co. Ltd.,power.techlin@msa.hinet.net
Electroplast S.A.,electroplast@epsa.com.uy
SteriPack Medical Poland Sp. z o.o.,info@steripackgroup.com
"Delta ModTech, Inc.",contact@deltamodtech.com
"Primo Profile Sp. z o.o Inter Primo (Inter Primo Group, Copenhagen)",primoprofile@primo.com
MS Techniques SAS,e.malher@ms-techniques.com
Ruberti S.p.A.,info@ruberti.it
TEAM PRECISION PUBLIC COMPANY LIMITED,sauwanee@teampcba.com
Toxikon Europe N.V.,info@toxikon.be
OPCOM INC.,susanl@opcom.com
Polyfil AG,info@polyfil.ch
Wulff Entre Oy,info@entre.fi
Singapore Precision Engineering and Technology Association,admin@speta.org
Nagano Prefectural Federation of Small Business Associations,myanagi@alps.or.jp
"Hitachinaka Techno Center, Inc.",oota@htc.co.jp
Saitama City Foundation for Business Creation,s-kitamura@sozo-saitama.or.jp
Fukushima Prefectural Government,medical-unit@pref.fukushima.lg.jp
Shinshu Medical Industry Association,smia@shinshu-u.ac.jp
MER Europe BV (Medical Engineering Resources),info@mer-europe.com
Santec Medicalprodukte GmbH,info@santec-medical.de
Lille Eurasanté,contact@eurasante.com
JRI SAS,info@jri.fr
THERADIAG SA,info@theradiag.com
Lorne Laboratories Limited,info@lornelabs.com
Airon Corporation,info@aironusa.com
Polycine GmbH,info@polycine.com
Terraillon SAS,email@terraillon.fr
Quies SAS,quies@quies.com
Verre et Quartz Technologies SAS,schan@verre-et-quartz.fr
La Diffusion Technique Francaise SARL DTF MEDICAL,dtf.export@dtf.fr
SURGIRIS,info@surgiris.com
VALMY SAS,info@valmy.eu
Advanced Healthcare Technology Ltd.,robert.lait@babypod.com
VUORMAR PACKAGING srl,info@vuormar.it
Concept Laser GmbH,info@concept-laser.de
Sensirion AG,info@sensirion.com
NORMANDIE ENDO TECHNOLOGIE SAS,info@normandie-endo.net
MEDINORM Medizintechnik GmbH,info@medinorm.de
P.J. Dahlhausen & Co. GmbH,info@dahlhausen.de
EUREDUC SARL,info@eureduc.eu
SPINEWAY SAS,info@spineway.com
Ad Rem Technology SARL,info@veinoplus.com
"FAVI S.A. ""Le Laiton injecté""",clacquemant@favi.com; favi@favi.com
Genin Medical 2000 SARL,denis.selens@armony-sa.com
Thuasne S.A.,sales.export@thuasne.fr
Euromedishop TM S.A.S.,info@euromedishop.com
Laboratoires Euromedis SA,mathieu.roturier@euromedis.fr
Prodimed S.A.S,jguillemain@prodimed.com
Int'Air Medical SAS,rachida.ladir@intairmedical.fr
MICROVAL FRANCE S.A.S.,info@microval.fr
E.I.H.F. Isofroid SAS,contact@eihf-isofroid.com
CHASTAGNER-DELAIZE INDUSTRIELLE SA,cdi@groupechastagner.com
YSY Medical SAS,export@ysy-medical.fr
EnvisionTEC GmbH,info@envisiontec.de
Greiner Bio-One GmbH,info@de.gbo.com
ZEAKON Diagnostics SARL,pow@zdiag.com
NORAKER SAS,contact@noraker.com
INNOMED Medical Developing and Manufacturing Inc.,innomed@innomed.hu
ADHE ELS FRANCE E.U.R.L.,contact@adhe-els.fr
ECR AG,info@ecrag.ch
AEMtec GmbH,info@aemtec.com
exceet electronics GesmbH,info@exceet.at
Rohrer AG,messe@rohrerag.com
Specialty Coating Systems Inc.,scssales@scscoatings.com
European Sensor Systems S.A.,info@esenssys.com
FISBA AG,info@fisba.com
Micro Systems (UK) Limited,info@microsystems.uk.com
"iWALKFree, Inc.",bhunter@walkcrutch.com
Microbix Biosystems Inc.,customer.service@microbix.com
GluStitch Inc.,info@glustitch.com
MolecuLight Inc,info@moleculight.com
General Biologicals Corp (GBC) / Pacgen Life Science,"sales@gbc.com.tw, jessie.jeng@gbc.com.tw"
HYGIE CANADA INC,info@hygie.com
CORESHIELDZ LLC,nepstein@coremedicalconcepts.com
Government of Ontario International Trade Branch,gilles.chatelain@ontario.ca
Promisemed Medical Devices Inc.,sherry.wan@promisemed.ca
SpineMED Decompression Systems Limited Corporation,info@spinemed.com
Thought Technology Ltd.,helen@thoughttechnology.com
KKC-Fördergesellschaft e.V. KKC-Krankenhaus-Kommunikations- Centrum,kkc-foerderverein@t-online.de
US & Canadian Hospitality Group Inc.,hospitalitycanada@shaw.ca
US & Canadian Hospitality Group Inc.,hospitalitycanada@shaw.ca
US & Canadian Hospitality Group Inc.,hospitalitycanada@shaw.ca
BresoTec Inc.,caren.cao@bresotec.com
CardioMed Supplies Inc.,mail@cardiomed.com
CNC Sail Large International Group Inc.,sandyhera@outlook.com
Dectro International DectroMed,dzujo@dectro.com
Braebon Snoring & Sleep Apnea,info@braebon.com
BioMedica Diagnostics Inc.,sales@biomedicadiagnostics.com
Alberta Government,svenja.chenikel@gov.ab.ca
Southmedic Inc.,jmcunningham@southmedic.com
ZODIAC COATING SAS,Jordane.Reynaud@zodiacaerospace.com
AIRFAN SAS,sales@airfan.fr
ARTS ENERGY SAS,contact@arts-energy.com
Laboratoires CIAM SAS,direction@labociam.com
AXFIL SAS,contact@axfil.fr
TE Connectivity Ltd.,customercare.tlse@te.com
Murata Electronics Europe B.V.,info@murata.eu
Charles Austen Pumps Ltd.,info@charlesausten.com
Coveris Flexibles Deutschland GmbH,raissa.kaabeche@coveris.com
"TAISEI KOGYO Co., Ltd.",izumi_nakamura@taisei-kogyo-net.co.jp
"Ark-Plas Products, Inc.",caleb@ark-plas.com
Lubrizol LifeSciences,lifesciences@lubrizol.com
puracon GmbH,info@puracon.com
Purac Biochem BV Corbion Purac Biomaterials,biomaterials@corbion.com
R+E Automation Technology GmbH,info@re-automation.de
BTC Medical Europe s.r.l.,info@btcmedicaleurope.com
X2 Technology AB,info@x2technology.se
Vauth-Sagel Systemtechnik GmbH & Co. KG,vs@vauth-sagel.de
AVENTICS GmbH,paul.gant@aventics.com
Alligator Plastics Industry BV,info@alligator-plastics.nl
igus® GmbH,info@igus.de
Colder Products Company GmbH,cpcgmbh@cpcworldwide.com
Spang & Brands GmbH - kunststofftechnik für die medizin,info@spang-brands.de
thinXXS Microtechnology AG,info@thinxxs.de
China Chamber of Commerce for Import & Export of Medicines & Health Products,liudan@cccmhpie.org.cn
Intra Special Catheters GmbH,info@intra-online.de
Starna Scientific Ltd.,sales@starna.com
INNOV SA,s.laurent@innovsa.com
ATELIERS DU HAUT FOREZ S.A.S.,export@groupe-ahf.fr
LID SAS,contact@lid-lamps.com
LOXOS S.A.S.,export@loxos.com
Mobidecor SARL,contact@mobidecor.fr
"Robotik Technology, S.A.S.",contact@robotiktechnology.com
Bertin Technologies SAS,sterilwave@bertin.fr
Suturex & Renodex SAS,customer.service@suturex-renodex.com
MCCB SARL,contact@podosolution.com
FPSA Fonderie et Plasturgie S.A.,c.cagnon@fpsa.com
Textile High-Tec THT Bio-Science,export@thtbio-science.com
ADHEX TECHNOLOGIES SAS,sales@adhex.com
Laboratoire POLIDIS SARL,contact@polidis.fr
JCM MED SARL,contact@jmc-med.com
Cartospé Packaging SAS,benjamin.bodart@cartospe.fr
VECTEC S.A.,vectec@vectec.fr
Perouse Medical SAS,llias@vygon.com
Mabotex Engineering SAS,contact@mabotex-groupecera.com
SBM S.A.S,contact@sbm-fr.com
RAFFIN MEDICAL SA,adv@raffin-medical.com
Groupe Servibio SAS,servibio@servibio.com
CHROMagar SAS,chromagar@chromagar.com
DIAXONHIT SA,pleaseforward@diaxonhit.com
Avalun SAS,contact@avalun.com
DIACLONE SAS,info@diaclone.com
RM Ingenierie SAS,contact@rminformatique.com
diafir SA,hugues.tariel@diafir.com
SATISFORM SAS,info@satisform.fr
DELPHARM BIOTECH SAS,Lyon@delpharm.com
INNOVATIVE MEDICAL PARTNERS SAS,gwenael.annee@medpackrea.com
Foures S.A.S.,sasfoures@foures.fr
PMT Präzision-Medizin-Technik GmbH,info@pmt-weiskirchen.de
Georg Thieme Verlag KG,kundenservice@thieme.de
Nagano Techno Foundation,me-techno@tech.or.jp
Kauko GmbH,info.emea@kauko.com
TAIKO Co. Ltd.,info@taikojapan.jp
"Oki Electric Cable Co., Ltd.",oec-ovssales@oki.com
Le Guellec Tubes & Profiles SAS,contact@leguellec.com
Top Clean Packaging Group SARL,contact@topcleanpackaging.com
KITZ MICRO FILTER CORPORATION,m-sasaki@kitzmf.com
Saft SA,christelle.nay@saftbatteries.com
JVCKENWOOD Corporation,medical-display.e@jvckenwood.com
Ophtimalia SAS,contact@ophtimalia.com
MEDICA Welcome Lounge - Messe Düsseldorf GmbH,
MEDICA WOUND CARE FORUM - Messe Düsseldorf GmbH,
MEDICA TECH FORUM - Messe Düsseldorf GmbH,
MEDICA ECON FORUM BY TECHNIKER KRANKENKASSE,
COMPAMED HIGH-TECH FORUM by IVAM MICROTECHNOLOGY - Messe Düsseldorf GmbH,
SAM INSTRUMENTS SARL,contact@saminstruments.com
COMPAMED SUPPLIERS FORUM by DeviceMed - Messe Düsseldorf GmbH,
STENDO SAS,contact@stendo.net
COMEX SA,s.cuomo@comex.fr
Technopole Chimie-Biologie-Santé,info@technopole-cbs.com
EDAP TMS France S.A.,mpavageau@edap-tms.com
Clariance SAS,contact@clariance-spine.com
Carina SAS,s.ivanoff@carinamedical.com
AAZ-LMB SARL,contact@aazlab.fr
PAROLAI STIL´ECO SAS,stileco@parolai.com
Mazet Santé SAS,sebastien.ailleret@mazetsante.fr
SAS Laboratoires Innoset,commercial@innoset.com
I2A (Intelligence Artificielle Applications) S.A.,i2a@i2a.info
GROUPE LEPINE SA,m.morel@groupe-lepine.com
NG BIOTECH SAS,info@ngbiotech.com
ATIS S.A.,dblanchel@atis-france.fr
Cisbio Bioassays SAS,iva@cisbio.com
WORLD OF MEDICA - Messe Düsseldorf GmbH,wom@messe-duesseldorf.de
Orthofit Verkaufs GmbH,sales@orthema.com
Fraunhofer-Institut für Elektronische Nanosysteme ENAS,info@enas.fraunhofer.de
Microdul AG,info@microdul.com
MAZeT GmbH,sales@mazet.de
Micronit GmbH,info@micronit.de
Zünd precision optics ltd.,info@zuendoptics.com
IMT Masken und Teilungen AG,info@imtag.ch
SMT & HYBRID GmbH,info@smt-hybrid.de
Physik Instrumente (PI) GmbH & Co. KG,info@pi.de
CiS Forschungsinstitut für Mikrosensorik GmbH,info@cismst.de
EFORE SPA,info@efore.com
"IMAIZUMI INDUSTRY CO., LTD.",ataka@i-psm.co.jp
"KAKOH Co., Ltd.",kazu-kida@kakoh.com
"KYOWA SEIKO Co., Ltd.",kou05@kyowaseiko-co.jp
"Kyoei Denko Co., Ltd.",yamagata@kyoei-dk.co.jp
"KYOSHIN Co., Ltd.",kyoshin@cello.ocn.ne.jp
"MATSUICHI Co., Ltd.",info@matsu-ichi.co.jp
"MIKURO SPRING CO., LTD.",natori@mikuro-spring.com
"nano grains Co., Ltd.",info@nanograins.co.jp
"Nittoyumex Co., Ltd.",hisako_yamamoto@nittoyumex.com
"Tokyo Titanium Co., Ltd.",e-info@tokyo-titanium.co.jp
Essentra Porous Technologies GmbH,stephanvenzke@essentra.com
ANOTA S.A.,teresa@anota.es
"MIKROMIC Medical, S.L.",info@mikromic.com
TECNALIA Research & Innovation,salud@tecnalia.com
GAES S.A.,icabrera@gaes.es
"JOLFAMAR XXI, S.L.U.",jolfamar@jolfamar.com
TECNICAS ORTOPEDICAS AL-MAR S.L.,info@al-mar.es
US DEFIB MEDICAL TECHNOLOGIES LLC,sales1@usdefib.com
"GuiG mbh ""Entscheiderfabrik"" Gesellsch. f. Unternehmensführung und IT-Service- Management in der Gesundheitswirtschaft",iris.meier@guig.org
Samarit Medical Industries Inc.,info@samarit.ca
Rapid Aid Corp.,info@rapidaid.com
Fio Corporation,info@fio.com
German Healthcare Export Group (GHE) e. V.,info@gheg.de
Transluminal SARL,e.malher@transluminal.fr
"GuiG mbh ""Entscheiderfabrik"" Gesellsch. f. Unternehmensführung und IT-Service- Management in der Gesundheitswirtschaft",iris.meier@guig.org
Yuwell Germany GmbH,info@yuwell.eu
Lohmann & Rauscher GmbH,info@at.lrmed.com
Thalheimer Kühlung GmbH & Co. KG,info@thalheimer-kuehlung.de
Swarovski Optik KG Swarotec,info@swarotec.com
kdg Opticomp c/o kdg mediatech GmbH,opticomp@kdg.at
Wittmann Battenfeld GmbH,info@wittmann-group.com
AccuVein Inc.,hello@accuvein.com
"3 Gen, LLC",info@3geninc.com
"AG Industries, LLC",info@agindustries.com
PAYER Medical GmbH,office.medical@payergroup.com
American Diagnostic Corporation,info@adctoday.com
ALPS South LLC,info@easyliner.com
Ameda Inc.,internationalsales@ameda.com
Anatomage Inc.,info@anatomage.com
"Armstrong Medical Industries, Inc.",djoseph@armstrongmedical.com
Bay Corporation,intl-sales@baycorp.com
B&B Medical Technologies,"customerservice@bandb-medical.com, stu.novitz@bandb-medical.com"
"Aspen Laser Systems, LLC",info@aspenlasers.com
"Becon Medical, Ltd.",info@beconmedical.com
Belmont Instrument Corporation,sales@belmontinstrument.com
Bio Compression Systems Inc.,biosystems@biocompression.com
"BFW, Inc.",info@bfwinc.com
BioTelemetry Technology / Braemar,
"Bio-Med Devices, Inc.",custserv@biomeddevices.com
Bondtech Corporation,mabel@bondtech.net
Bovie Medical Corporation,sales@boviemed.com
eClincalWorks,tradeshows@eclinicalworks.com
"Breg, Inc.",info@breg.com
Enova Illumination LLC,info@enova.email
CURATIA MEDICAL CO.,info@curatiamed.com
Centurion Medical Products Corp.,contactus@centurionmp.com
"Cadwell Industries, Inc.",info@cadwell.com
"Cherokee, Dickies, Code Happy Uniforms Corp.",jyard@strategicpartners.net
"elliquence, LLC.",sales@elliquence.com
Clarus Medical LLC,info@clarus-medical.com
EMERGO,medica@emergogroup.com
K-Tube Technologies Corp.,kshutes@k-tube.com
"METALGAR Plastics, S.L.",rodolfo.gomez@metalgar.com
Detecto USA Corp.,detecto@cardet.com
bedea Berkenhoff & Drebes GmbH,info@bedea.com
FareTec Inc.,connie@faretec.com
Firefly Global,info@fireflyglobal.com
"Genstar Technologies Co., Inc. (GENTEC)",info@genstartech.com
"Envirotek Worldwide, LLC",info@envirotekww.com
Georgia USA Georgia Dept. of Economic Development,koxford@georgia.org
Gynex,service@gynex.com
HD Medical Inc.,info@hdmedicalgroup.com
"Heart Test Laboratories, Inc.",info@hearttestlabs.com
Health Line International Corp,mirandak@hlic.net
"Hans Rudolph, inc. - since 1938",hri@rudolphkc.com
Hi-Tech Medical,sales@hitechmedical.net
Minnesota Trade Office,mto.tradeassistance@state.mn.us
Medimar Corp,info@medisono.com
"NEXT Medical Products Company, LLC",customerservice@nextmedicalproducts.com
"OR Specific, Inc.",k.liljestrand@orspecific.com
"International Biomedical, Ltd.",sales@int-bio.com
"IntuBrite, LLC",info@intubrite.com
"Key Surgical, Inc.",info@keysurgical.com
Lutech Industries Inc.,info@lutechmedical.com
"JD Honigberg International, Inc.",medical@jdhintl.com
"MDF Instruments USA, Inc.",info@mdfinstruments.com
MedGyn Products Inc.,info@medgyn.com
Megadyne Medical Products,blloyd@megadyne.com
"Neotech Products, Inc.",karin@neotechproducts.com
MERET Products,dmerker@meretusa.com
Metal Impact LLC,trobbins@metalimpact.com
Orchid Ortopedic Solutions,sales@orchid-ortho.com
"Polygel, LLC",info@polygel.com
"Precision Medical, Inc.",tclark@precisionmedical.com
MediPurpose,cherylchannel@medipurpose.com
Prosystem USA LLC,info@prosystem-usa.com
India Trade Promotion Organisation,dknangia@itpo.gov.in
Pulmodyne,info@pulmodyne.com
Regulatory Compliance Associates Inc.,info@rcainc.com
"Retractable Technologies, Inc.",rtiintl@vanishpoint.com
Registrar Corp,info@registrarcorp.com
RMS Medical Products Inc.,info@rmsmedpro.com
Salter Labs,salterlabs@us.salterlabs.com
SEPLOU,contactus@seploumedical.com
Surfacide,tkermendy@surfacidemfg.com
"Solaris Medical Technology, Inc.",info@solarismedtech.com
Shippert Medical Technologies Inc.,alt@shippertmedical.com
Starch Medical Inc.,info@starchmedical.com
Summit Medical Inc.,am@summitmedical.com
TransLite LLC,info@veinlite.com
UEC Medical Division of United Exchange Corp.,sales@uecmedical.com
"Ultraviolet Devices, Inc.",mary.scott@uvdi.com
"VR Medical, Inc.",szong@vrmedical.net
"Westmed, Inc.",barker@westmedinc.com
"Xodus Medical, Inc.",info@xodusmedical.com
"TIDI Products, LLC",excellence@tidiproducts.com
Z-Medica LLC,MFoo@zmedica.com
Washington State,info@mdna.com
"NISINO SEIKI CO., Ltd.",info@nisinoseiki.com
"Kikuchi Seiki Co., Ltd.",kikuchi@kikuchiseiki.co.jp
"GENESIS CO., LTD.",toshi-yano@genesis-j.com
FUJITOK CORPORATION,sales@fujitok.co.jp
"Daiichi Fab Tech, Co., Ltd.",info@d-f-t.jp
VELFOR PLAST SA,contact@velfor.com
NOWAK MEDICAL S.A.S.,contact@nowak.fr
"Vesta, Inc.",sales@vestainc.com
"Gulf Fiberoptics, Inc.",sales@gulffiberoptics.com
Rovipharm SAS,contact@rovipharm.com
"Genadyne Biotechnologies, Inc.",info@genadyne.com
State of South Carolina,europe@sccommerce.com
"Yufu Itonaga Co., Ltd.",iwatate@yufu.co.jp
"OKUMURA CO., LTD.",okumura@okumura-rubber.co.jp
"Yasui Co., Ltd.",e-kusaka@yasui-kk.co.jp
"Albyn Medical, S.L.",sales@albynmedical.com
AlphaSIP S L,produccion@alphasip.es
gym80 International GmbH,info@gym80.de
NANOLIKE SAS,contact@nanolike.com
WeWoThom GmbH,info@wewothom.de
Alliance Bio Expertise SAS,contact@abioexpertise.com
"Starvac Group, S.A.R.L.",claire@starvac-group.com
Cryonic Medical SAS,commercial@cryonic-medical.com
B Cell Design / ArkAb,gael.champier@b-cell-design.com
EONA Laboratory SAS,frederique.fleury@eona-lab.com
France Reval SA,contact@france-reval.com
Medinova International S.A.R.L.,martin.ying@medinova.fr
AESTHETICGROUP SARL,info@aestheticgroup.fr
C2S SAS,contact@c2s-medical.com
Somethy S.A.S,contact@somethy.com
AMAROK BIOTECHNOLOGIES SARL,contact@amarokbiotech.com
ID2Santé,contact@id2sante.fr
Trioplanex France S.A.S.,info.sou@trioplast.com
Physio-Assist SAS,contact@physio-assist.com
AM Cube SAS,amcube84e@gmail.com
SOPHYSA SA,contact@sophysa.com
PRS Neoscan SARL,contact@prsfrance.com
Ets Saint Romain SA,info@saint-romain-sa.com
TRADE ART 2000 SPA,elenablasi@tradeart2000.com
Axilum Robotics SAS Axilum Robotics,info@axilumrobotics.com
CGR INTERNATIONAL S.A.,sandrine.lafage@cgr.fr
SELHA Group - EINEA SAS,commercial@einea.fr
SUBLIMED SAS,contact@subli-med.com
RESCOLL SARL,biomaterials@rescoll.eu
NEUROVIRTUAL USA Inc.,info@neurovirtual.com
MDB Texinov S.A.S.,aplat@texinov.fr
"Invest in Grenoble Isere, France",aepi@grenoble-isere.com
K-Active Europe GmbH,info@k-active.com
NeoMedLight SAS,contact@neomedlight.com
Medical Econet GmbH,info@medical-econet.com
pfm medical mepro gmbh,mepro@pfmmedical.com
Medicoplast International GmbH,info@medicoplast.de
"Generalzolldirektion, Direktion VI Zentralstelle Gewerblicher Rechtsschutz",DVIA24.gzd@zoll.bund.de
NASCO Health- Simulaids & LifeForm,info@simulaids.com
"Pepin Manufacturing, Inc. Midway Medical",converting@pepinmfg.com
Apoly GmbH,service@apoly.de
gematik - Gesellschaft für Telematikanwendungen der Gesundheitskarte mbH,info@gematik.de
Entscheiderfabrik Lounge - Messe Düsseldorf GmbH,
ACEOS GmbH,info@aceos.com
Mikrop AG,info@mikrop.ch
Steinmeyer Mechatronik GmbH,info@steinmeyer.com
Hittech Prontor GmbH,info@prontor.de
Fraunhofer-Institut für Lasertechnik ILT,info@ilt.fraunhofer.de
Fraunhofer ICT-IMM,info@imm.fraunhofer.de
CG.Tec injection SARL,c.flipo@cgtec.eu
Fraunhofer Institut für Zuverlässigkeit und Mikrointegration IZM,info@izm.fraunhofer.de
Fraunhofer-Institut für Siliziumtechnologie ISIT,thomas.knieling@isit.fraunhofer.de
Surfix BV,info@surfix.nl
DiaSys Diagnostic Systems GmbH,info@diasys.de
apra-plast Kunststoffgehäuse-Systeme GmbH,vertrieb@apra-plast.de
KTMED Inc.,sales@ktmed.com
Ring Maschinenbau GmbH,kontakt@ring-perforating.de
"GAPONET CO., LTD.",overseas@gaponet.com
Seoil Pacific Corporation,hyeonju@seoilpacific.co.kr
"M-Technology Co., Ltd.",mtkor@mtkor.com
"Mcube Technology Co., Ltd.",mcube@mcubetech.co.kr
"Hyundae Meditech Co., Ltd.",exsales@hyundaemed.co.kr
"UNIMEDICS CO., LTD.",unimedics_is@naver.com
"MSLINE ENG. Co., Ltd.",yjkwon1023@mslineeng.com
"D-Gate Co., Ltd.",john.cs.kim@d-gate.co.kr
"Corentec Co., Ltd.",juhwan.shin@corentec.com
Feel Tech Co. Ltd,wschoi@dbneedle.com
Micro Medi Inc.,ceo@emicrodisplay.com
"Firson Co., Ltd.",global@firson.co.kr
"M.I.Tech Co., Ltd.",kjcisl@mitech.co.kr
"Santa Barbara Imaging Systems, Inc.",alally@sbimagingsystems.com
"HNT Medical Co., Ltd.",sjjeon@hntmedical.co.kr
Transatlantic Handelsgesellschaft Stolpe & Co. GmbH,info@transat.de
"IDS Co., Ltd.",dsemed@dsemed.co.kr
Regen Lab SA,info@regenlab.com
"Genoray Co., Ltd.",jong@genoray.com
"Dae Yang Mechanics Co., Ltd.",info_hubex@naver.com
"Person Medical Co., Ltd.",personmedi@personmedi.co.kr
"Pervice Korea Co., Ltd",pervicekorea@gmail.com
"SG HealthCare Co., Ltd.",sales@sghealthcare.com
MEDSTER MEDICAL DEVICES AND HEALTHCARE SERVICES CO LTD,aysu@medster.com.tr
"BioMaterials Korea, Inc.",info@biomk.com
"Nanoomtech Co., Ltd.",joseph@nanoomtech.co.kr
Hong Kong Trade Development Council,frankfurt.office@hktdc.org
ASTRA SAS,paouizerats@astra-prod.com
Techno Concept SARL,admin@technoconcept.fr
Cousin Biotech S.A.S.,s.basseux@cousin-biotech.com
INGEN S.A. International Génétic Technolgies,ingen@ingen.fr
H2B SAS,info@h2b.eu
Deutsche Hochschule für Prävention und Gesundheitsmanagement GmbH,info@dhfpg.de
MEDTRON AG,info@medtron.com
PROREGITAS Medical Consulting,m.zimmermann@proregitas.com
Vogel Business Media GmbH & Co. KG,info@vogel.de
SOLSTEO SAS,contact@solsteo.com
CREATEMPS SARL,contact@createmps.com
Cousin Biotech S.A.S.,o.vanpeperstraete@cousin-biotech.com
ICARE SAS,communication@laboratoireicare.com
ACNIS International SAS,contact@acnis_titanium.com
IDMM SAS,thierry.simerey@idmm.fr
ALCIS SARL,contact@alcis.net
CCI FRANCHE-COMTE,
Manudo SAS Medical Tubing,eric.larcher@manudo.com
MEZIERE IDC GLOBAL DESIGN SARL,contact@meziere.fr
AACC,custserv@aacc.org
A/C Diagnostics LLC,all@anticancer.com
Acro Biotech Inc.,info@acrobiotech.com
"Alfa Scientific Designs, Inc.",sales@alfascientific.com
"Arlington Scientific, Inc.",info@arlingtonscientific.com
"Aalto Scientific, Ltd.",mtackabery@aaltoscientific.com
"AUDIT MicroControls, Inc.",mgastelum@auditmicro.com
"BioAssay Works, LLC",sales@bioassayworks.com
Biocare Medical LLC,international@biocare.net
"Bioresource Technology, Inc.",sales@brt-us.com
"Biomerica, Inc.",info@biomerica.com
Best of New England/ State of Maine,turk@mitc.com
State of Connecticut/Best of New England,laura.jaworski@ct.gov
Rhode Island Commerce Corporation,katherine.therieau@commerceri.com
"Calbiotech, Inc.",dbarka@calbiotech.com
"Block Scientific, Inc.",info@blockscientific.com
Chematics Inc.,info@chematics.com
"Chembio Diagnostic Systems, Inc.",info@chembio.com
Diagnostic Automation / Cortez Diagnostics Inc.,marketing3@rapidtest.com
Diazyme Laboratories,sales@diazyme.com
Dynex Technologies Inc.,customerservice@dynex.com
EastCoast Bio Inc.,info@eastcoastbio.com
"Epitope Diagnostics, Inc.",cs@epitopediagnostics.com
General Data Healthcare,talktous@general-data.com
GenPrime Inc.,bsomes@genprime.com
"IMMCO Diagnostics, Inc.",customerservicesgroup@trinitybiotech.com
HTI Diagnostics,distributor@htidiagnostics.com
"Inter Bio-Lab, Inc.",info@interbiolab.com
"Kova International, Inc.",dtatomir@kovaintl.com
Immunostics Inc.,sales@immunostics.com
"LumiQuick Diagnostics, Inc.",info@lumiquick.com
Micropoint BioScience Inc.,info@micropointbio.com
Moss Inc.,bmoss2@erols.com
Monobind Inc.,info@monobind.com
Nano-Ditech Corporation,info@nanoditech.com
Neogen Corporation Inc.,info_lifesciences@neogeneurope.com
Nittobo America Inc.,marketing@nittobous.com
Nova Biomedical Corporation,info@novabio.com
Oasis Diagnostics Corporation,info@4saliva.com
ONLINE Engineering Inc.,info@online-engineering.com
"Phoenix Diagnostics, Inc.",ajordan@phoenixdiagnositcs.com
"Pointe Scientific, Inc. MedTest",marketing@medtest.com
"Phoenix Healthcare Solutions, LLC",mikem@phoenix-hs.com
Precision Converting Solutions LLC,pcsinfo@pcs-wv.com
Precision Die Cutting - PDC LLC,jeff.bradbury@pdcintl.com
POREX Corporation,maria.decapua@filtrationgroup.com
Quidel Corporation,customerservice@quidel.com
Scherago International,sue.deveaux@jspargo.com
"ScyTek Laboratories, Inc.",scytek@scytek.com
"SDIX, LLC",sales@sdix.com
Teco Diagnostics,hello@tecodiagnostics.com
Unimed International Inc.,info@unimed.net
"VicTorch Meditek, Inc.",info@victorch.com
"Zytogenex USA, Inc. / Plexbio",contact@plexbio.com
ZTG Zentrum für Telematik und Telemedizin GmbH,info@ztg-nrw.de
MeMedix GmbH,info@memedix.de
Sunoptic Technologies LLC,
CIDELEC SA,export@cidelec.net
IMACTIS SAS,info@imactis.com
ORTHOTAXY SAS,nicolas.demanget@orthotaxy.com
MEDICA CONNECTED HEALTHCARE FORUM - Messe Düsseldorf GmbH,
PhysioFlow SARL Manatec Biomedical,info@physioflow.com
SANALOGIC GmbH,office@sanalogic.com
TECHTERA,contact@techtera.org
Miravas SAS,contact@miravas.fr
SURGIVISIO SAS,contact@surgivisio.com
TurnAid aps,sk@turnaid.dk
Robosoft Services Robots SAS,sales@kompai.com
SGS Germany GmbH,de.medical@sgs.com
TU Kaiserslautern,info@uni-kl.de
AIP MEDICAL SAS,aip@aip-plast.fr
"Response Care, Inc",info@rcareinc.com
MT Promedt Consulting GmbH,info@mt-procons.com
IPU Industries Ltd.,aaron@ipu.co.il
RKT Rodinger Kunststoff Technik GmbH,info@rkt.de
Volpi AG,mail@volpi.ch
JENOPTIK Polymer Systems GmbH,optoelectronics@jenoptik.com
CMOSIS Germany GmbH,info@cmosis.com
temicon GmbH,info@temicon.de
Wexim GmbH,ls@weximgmbh.de
Direx Systems GmbH,info@direxgroup.com
STERITRAYS LTD.,trays@steritrays.com
Zyno Medical LLC,info@zynomed.com
"Takasago Electric, Inc. Takasago Fluidic Systems",info@takasago-elec.co.jp
FLEIMA-PLASTIC GmbH,"info@fleima-plastic.de, info.fleima@masterflexgroup.com"
Teshima Corporation,
"Qualcomm Life, Inc.",qualcommlife@qti.qualcomm.com
Verband der Krankenhausdirektoren Deutschlands e.V. (VKD),g.kirchner@vkd-online.de
Unomedical A/S,info.infusion-set@convatec.com
Office of Trade and Investment State of Illinois,slysaght@illinoiseurope.com
DMK Kolding A/S,info@dmkkolding.dk
Copenhagen Capacity,rpe@copcap.com
Teknimed S.A.S,teknimed@teknimed.com
Fraunhofer-Institut für Integrierte Schaltungen IIS,info-bmt@iis.fraunhofer.de
Medix Biochemica Oy AB,medix@medixbiochemica.com
MEDIFF,info@mediff.fr
SIEVE FRANCE sarl,siegesocial@sieve-france.com
ILSA DIAGNOSTIC SARL,contact@ilsa-france.com
ARAYMONDLIFE SASU,contact@araymondlife.com
Holtex + SAS,info@holtex.fr
M TECHNOLOGIES SARL,contact@m-technologies-online.com
OSCADI SAS,olivier.longin@oscadi.com
Medical Process SAS,contact@medicalprocess.fr
Lamidey Noury Medical SARL,export@lamidey-noury.fr
MDOLORIS MEDICAL SYSTEMS SAS,contact@mdoloris.com
DIAGAST SAS,communication@diagast.com
CIR MEDICAL SARL,lionel.boulleret@cirmedical.fr
Dessillons & Dutrillaux SARL,sales@ddmedical.fr
Isis S.A.S. Intelligent Surgical Instruments and Systems,export@surgimedia.com
Union Plastic S.A.S,union-plastic@omerin.com
I-Care Cluster Auvergne-Rhone-Alpes,contact@i-carecluster.org
DARKIEWICZ & MONTASTER SAS VOG MEDICAL,yohan.simon@vogmedical.com
INVEST IN LYON - ADERLY,toma@investinlyon.com
"Axelgaard Manufacturing Co., Ltd.",support@axelgaard.com
Airinspace S.E,isabelle.vezole@airinspace.com
Groupe Evolucare Technologies SAS,commercial@corwin.fr
"MED-Fibers, Inc",l.hughes@med-fibers.com
Van Straten Medical BV,export@vanstratenmedical.com
AT&S Austria Technologie & Systemtechnik AG,info@ats.net
Apex Biotechnology Corporation,info@apexbio.com
AdvanDx / OpGen A/S,customerservice@advandx.com
USON Plast A/S,uson@uson.dk
Healthcare DENMARK,info@healthcaredenmark.dk
z-microsystems-gmbh,office@z-microsystems.com
Stadler Sensorik CNC Technik GmbH,info@stadlercnc.at
CDE GmbH,andreas.oyrer@cde.at
