exhibitor_name,email
Hangzhou Fushan Medical Appliances Co. Ltd.,heather@fushanhz.com
Dynamic Techno Medicals Pvt. Ltd.,info@dynamictechnomedicals.com
NOBEL HYGIENE PVT. LTD.,
"Beijing Yimo Co., Ltd.",hejian@bjyimo.com
"Xiantao Yunji Protection Products Co., Ltd.",sales@xtjyfh.com
St Marys Rubbers Pvt Ltd,exports@stmarysrubbers.com
FAB Pharmaceuticals Pvt. Ltd.,director@fabpharmaceuticals.com
BCF Plasticos Ltda.,dylan@bcf.com.br
Scope Medical Devices Pvt. Ltd.,care@scopemedical.in
Haiyan Kangyuan Medical Instrument Co. Ltd.,sales@kymedical.cn
Atrasorb Indústria de Produtos Hospitalares Ltda,vendas2@atrasorb.com.br
Hospimetal Indústria Metalúrgica de Equipamentos Hospitalares Ltda.,export@hospimetal.com.br
Blue Neem Medical Devices Pvt Ltd,contact@blueneem.com
Carenow Medical Pvt Ltd,info@carenowindia.com
JIMIT MEDICO SURGICALS PVT LTD,info@jimitsurgicals.com
Mais India Medical Devices Pvt. Ltd.,info@maisindia.com
Timpel S.A.,josiane@timpel.com.br
LUPE Industria Tecnologica de Equipamentos para Laboratorio Ltda.,caio@lupetec.ind.br
Safeshield India Rubber Products Pvt. Ltd.,sales@safeshieldindia.com
Olsen Industria e Comercio S.A.,comex@olsen.odo.br
S3V Vascular Technologies Private Limited,info@s3vvascular.com
MEDPEJ Equipamentos Medicos Ltda.,edgrisa@edgrisa.com.br
APPLIED OPTICAL TECHNOLOGIES PVT. LTD,"dbussa@appliedoptical.in, info@appliedoptical.in"
Miraclus Orthotech Pvt. Ltd.,"pranav@miraclus.com, pankaj.shukla@miraclus.com"
ESTEK TECNOLOGIA EM PRODUTOS LTDA.,paulo@estek.com.br
Shaili Endoscopy,
Lotus Surgicals Private Limited,info@lotus-surgicals.com
Hardik International,info@hardikinternational.com
ROTEK LAMINATES,dhruv@rotek.co.in
Global Medikit Limited,info@globalmedikit.in
Udaipur Health Care Pvt. Ltd.,info@uhcl.net
Divlabs Healthcare Pvt. Ltd.,ceo.divlabs@gmail.com
Explore Synergy Inc.,sales@exploresynergyinc.in
Endo-Med Technologies Pvt. Ltd,info@endomed.in
Futura Surgicare Pvt. Ltd (Dolphin Sutures),sales@dolphinsutures.com
Alan Electronic Systems Pvt. Ltd.,export@alanindia.net
CM Flowmeters (India) Pvt. Ltd.,sales@cmflowmeters.in
tradeindia.com - Infocom Network Ltd.,vishal@tradeindia.com
KRUPA LABEQUI,jaythakker9@gmail.com
Auxein Medical Pvt Ltd,info@auxein.com
Allengers Medical Systems Ltd.,exports@allengers.net
Garware Bestretch Ltd.,gbl-sales@garware.com
OM Surgicals,export@omsurgicals.com
ANDHRA PRADESH MEDTECH ZONE LTD,amtz.in@gmail.com
VTT Ltd. PrintoCent,info@vtt.fi
Rotomed AG,d.mueller@rotomed.ch
Spintower Technologies GmbH,office@spintower.eu
Casex Industria de Plasticos e Produtos Medico Hospitalares Ltda.,export@casex.com.br
Ossea Technology Industria e Comercio Ltda.,g.geral@ossea.com.br
Olidef cz Industria e Comercio de Aparel Hospitalares Ltda.,export2@jpfarma.com.br
Exatech Industria e Comercio Eireli Ltda Edlo,edlo@edlo.com.br
DK Diagnostics Industria e Comercio de Productos Cientificos Ltda.,paulo@dkdiagnostics.com
VK Driller Equipamentos Elétricos Ltda.,export1@drillermed.com.br
Kolplast Ci S.A.,naiane.chinarelli@kolplast.com.br
Cbemed Industria e Comercio de Equipamentos Medicos Ltda.,imp.exp@cbemed.com.br
Scitech Produtos Médicos Ltda.,scitech@scitechmed.com
Sismatec Indústria e Comércio de Equipamentos Hospitalares Ltda.,export@sismatec.com.br
Gabisa Medical International Ltda.-EPP,trade@gmimedicall.com
Bionnovation Produtos Biomédicos Ltda Bionnovation Biomedical,heddie@bionnovation.com.br
DFV Comercial e Industrial Ltda.,ezio.giuliani@dfv.com.br
BMR Medical Ltda,cristina@bmrmedical.com.br
Samtronic Industria e Comercio Ltda.,export@samtronic.com.br
Phoenix Industria e Comercio de Equipamentos Cientificos Ltda,export@phoenix.ind.br
HP BIOPROTESES Ltda.,export@hpbio.com.br
Loktal Medical Electronics Ind. e Com. Ltd.,comex@loktal.com
WiSMa GmbH,info@wisma-gmbh.de
Exxomed Equipamentos Medicos EPP,vendas@exxomed.com.br
CompuGroup Medical Deutschland AG Geschäftsbereich CGM MEDISTAR,info@medistar.de
HOFFMED GMBH,hoffmed668@hotmail.com
orlvision GmbH,info@orlvision.de
"GENERI BIOTECH, s.r.o.",info@generi-biotech.com
ARIES a.s.,
"EGO Zlín, spol. s.r.o.",sekretariat@egozlin.cz
SKALA-Medica s.r.o.,master@skala.cz
TRYSTOM spol. s r.o.,trystom@trystom.cz
ProSpon spol. s r.o.,prospon@prospon.cz
MEDKONSULT medical technology s.r.o.,info@mmtsystems.com
MEDIMAX INTERNATIONAL,info@medimaxint.com
HOPE & HEAL (PARTNERSHIP),info@hopenheal.com
Know Medical S.r.l.,info@knowmedical.com
BioElectronics Corporation,info@bielcorp.com
Compex Spol s.r.o. Jett medical,export@compexbmo.cz
HealthCapital Berlin-Brandenburg Berlin Partner für Wirtschaft und Technologie GmbH,info@healthcapital.de
Zhejiang UE Medical Corp.,export@ueworld.com
LOKKI INTERNATIONAL s.r.o.,info@lokki.com
ZPT Vigantice spol. s r.o.,obchod@zptvigantice.cz
HAKERMAN IÇ VE DIS TICARET A.S.,info@hakerman.com
PMS Tip Teknolojileri Sanayi ve Ticaret A.S.,pms@pmsmedikal.com
Armstrong Medical Ltd.,info@armstrongmedical.net
BEMOTEC GmbH,info@bemotec.com
Body Clock Health Care Limited,sales@bodyclock.co.uk
FranceMed Pharma Ltd.,info@francemedpharma.com
Virtualware UK Ltd.,info@virtualrehab.info
"Acare Technology Co., Ltd.",info@acaretech.com
Cheetah Medical Ltd.,
Precision Dippings Ltd.,sales@precisiondippings.co.uk
Holländischer Life Science Verbund,dijk.d@nijdra.nl
Satellite Industries,mian@satellite.com.pk
Dutch Medical Technology BV,info@dutchmt.com
Energy Testing Solutions,peter.robins@energytestingsolutions.co.uk
DOCKX Medical BV,office@dockx.nl
PAKISTAN SCISSORS INDUSTRIES,info@pakscissors.com
Rocialle,info@rocialle.com
Protex Healthcare Limited Vacutex - Wound Care Essentials,info@protexhealthcare.co.uk
Advanced Ultrasound Electronics Ltd,service@aueltd.co.uk
Benmor Medical (UK) Ltd.,info@benmormedical.co.uk
4TU High Tech Systems VoF,
Surgitrac Instruments Ltd.,info@surgitrac.com
EUROPA HAMSTER INTERNATIONAL LIMITED,sabine_jie79@yahoo.co.uk
Inspiration Healthcare Ltd.,info@inspiration-healthcare.com
Lifelines Limited,david.spencer@lifelinesieeg.com
Malem Medical Ltd.,malem@malem.co.uk
Davos Diagnostics AG,info@davosdiagnostics.com
Max Medical Products Ltd.,info@maxmedical.co.uk
CeMIT - Centrum für Medizintechnische Innnovation Tübingen am UKT,cemit@med.uni-tuebingen.de
WILDDESIGN GmbH & Co. KG,info@wilddesign.de
MEC Medical Ltd.,ian.davies@mecmedical.com
MEDIMARK SCIENTIFIC LTD,info@medi-mark.co.uk
MD Diagnostics Ltd.,sales@mdd.org.uk
Novatek International/Cognistat,info@ntint.com
Oxylitre Ltd.,joyce@oxylitre.co.uk
Garana Industries (Pvt) Ltd.,info@garanaonline.com
PRAISE CORPORATION (PARTNERSHIP),"info@praise.com.pk, sales@praise.com.pk"
DENOVO INTERACTIVE SARL,bienvenue@denovo.fr
"Gigiena Med, LLC",
"MEDPLANT, LLC","medplant@medplant.ru, medplant@mail.ru"
JSC DiaClon,info@diaclon.net
Angioscan Electronics LLC,info@angioscan.ru
Care & Cure Surgico (Partnership),info@carecuresurgico.com
Izmir Chamber of Commerce,info@izto.org.tr
ISTANBUL HEALTH INDUSTRY CLUSTER INC.,seda.senol@boun.edu.tr
Livia,info@mylivia.com
"Contour Products, Inc.",marketing@contourhealth.com
Changzhou JIUHONG Medical Instrument Co. Ltd.,sales@jiuhongmed.com
"Fujian Putian Licheng Paper Industry Co., Ltd.",lichengzhiye@126.com
"Nanjing Shuangwei Biotechnology Co., Ltd.",market@shuangweibio.com
Darleys Surgical Co. (Partnership),info@darleys-surgical.com
Jiangyin Flyworld-Hongyong Protective Products Co. Ltd.,sales@flyworldgroup.com
VIZRA MED TECHINK,info@vizramed.com.pk
"Fitone Latex Products Co., Ltd. Guangdong",867593425@qq.com
MYoroface AB,info@myoroface.com
"Jiangxi Fenglin Medical Appliances Co., Ltd.",flin100@126.com
GUANGZHOU CLEAN MEDICAL PRODUCTS MANUFACTURING CORP. LTD.,info@cleanmfg.com
Changzhou Medical Appliances General Factory Co. Ltd.,sunhao@lelun.com
"JT Mold Technology Co., Ltd.",sales@jtmold.net
HILMED (Pvt.)Ltd.,sales@hilmed.com
"Ningbo HLS Medical Products Co., Ltd.",why@cxhls.com
Bedfont Scientific Ltd.,ask@bedfont.com
"InBody Co., Ltd.",info@inbody.com
ELP GmbH European Logistic Partners GmbH,elp@elp-gmbh.de
Cluster Gesundheitswirtschaft.NRW Landeszentrum Gesundheit NRW,poststelle@lzg.nrw.de
ISIS IC GmbH,information@isis-ic.com
St. Jude Medical GmbH,info_germany@sjm.com
TeleMed by G-medical Company Bastian-Maximilian Greve,telemed@g-medical-company.de
elektronische Visite (elVi),j.beckmann@la-well.de
ISDSG Institut für Sicherheit und Datenschutz im Gesundheitswesen - Ein Dienstleistungsbereich der DATATREE AG,kontakt@isdsg.de
"Xiamen Yizhen Anno Healthcare Products Co., Ltd.",annft6@yztgroup.com
Valicare GmbH,info@valicare.com
AITEX Aitex Textile Research Institute,info@aitex.es
BIO-VAC ESPANA S.A.,jforriol@biovac.es
KYMERA CREATIVA S.L.,joan@kymeracreativa.com
AMA-Med Oy,expert@amarut.com
"MLS TEXTILES 1992, S.L.",regenactiv@regenactiv.com
Medidata Sdn. Bhd.,"salesmsb@medidata.com.my, sales@medidatamalaysia.com.my"
"MITAKA CO., LTD.",arai@t-mtk.co.jp
Medical Biological Union LLC,info@mbunion.com
Centurion Scientific Ltd.,info@centurionscientific.co.uk
PAINmate,customerservice@evomed.com.au
Asa Srl,info@asaclsrl.it
Seemann Technologies GmbH,info@seemann-technologies.com
"Ministerium für Gesundheit, Emanzipation, Pflege und Alter des Landes NRW",poststelle@mgepa.nrw.de
PolyMedics Innovations GmbH,info@polymedics.de
"Celera Motion, a Novanta Company",innovation@celeramotion.com
Doctor & Doctors International Pvt. Ltd.,info@doctoranddoctors.com
ITV Denkendorf Produktservice GmbH,itvp@itv-denkendorf.de
Bibliomed med. Verlagsgesellschaft mbH,info@bibliomed.de
"Specialni Medicinska Technologie, s.r.o Special Medical Technology",obchod@smt-praha.com
InterComponentWare AG,info@icw.de
Cool2Cure,jeffrey@cool2cure.com
DeSoutter Medical Ltd.,info@de-soutter.com
VIOMEDEX LIMITED,sales@viomedex.com
Uniklinik RWTH Aachen Anstalt des öffentlichen Rechts (AöR),info@ukaachen.de
STERIMED ENGINEERING SERVICES SA,medica@sterimed.ch
Medical Care Instruments Ltd.,info@mcinstruments.co.uk
PROACT Medical Ltd,sales@proactmedical.co.uk
Henleys Medical Supplies Ltd.,scott.henley@henleysmed.com
Exploristics Ltd,info@exploristics.com
Sulzer Mixpac AG,mixpac@sulzer.com
Exmoor Plastics Ltd.,sales@exmoorltd.com
"NAGATA SCALE CO., LTD.",nagatayt@ms23.hinet.net
CompuGroup Medical Deutschland AG Geschäftsbereich CGM ALBIS,info.albis.de@cgm.com
VLAD,sales@vlad.fr
BUMOTEC SA,admin@bumotec.ch
SUTUMED CORP.,marthalujan@sutumed.us
CellPath Ltd.,sales@cellpath.co.uk
Alfatec Medizintechnik GmbH,jreizner@t-online.de
Foshan Dongfang Medical Equipment Manufactory Ltd.,fsdongfang@fsdfmed.com
"Yancheng Tianrun Medical Technology Co., Ltd",info@tianrunmedical.com
"Hangzhou Kangji Medical Instrument Co., Ltd.",chengda@hzkangji.com
KT Surgico,info@ktsurgico.com
"Shanghai Pax Medical Instrument Co., Ltd.",info@panalex.com.cn
"Shenzhen China Medical Equipment Co., Ltd.",overseas@szcme.com
"Dalian Labtek Science & Development Co., Ltd.",export002@labtek-med.com
"Zumax Medical Co., Ltd.",linna.xie@zumaxmedical.com
"Hangzhou Tonglu Medical Optical Instrument Co., Ltd.",info@hztlmedical.com
"Guangdong Dayang Medical Technology Co., Ltd.",dy@dayangmed.com
Shanghai Wanyu Medical Equipment co. Ltd.,allen@heershi.com.cn
"Shanghai Bluepard Instruments Co., Ltd.",export2@bluepard.com
"Zhangjiagang Tengda Machinery Manufacturer Co., Ltd.",export@mylife999.com
"Zhengzhou Dison Instrument and Meter Co., Ltd.",info@zzdison.com
Wuhan Tacro Technology Co.Ltd,ta@tacro.cn
Nanjing Xijian Information Technology Co. Ltd.,support@mhealth365.cn
"New V-Key Technology Co., Ltd.","info@nvk.com.tw, sales@nvk.com.tw"
Metal Masters (Partnership),sales@metalmasters-ind.com
Indes BV,info@indes.eu
SAP Deutschland SE & Co. KG,info.germany@sap.com
Novanta Europe GmbH Cambridge Technology,info.novanta-europe@novanta.com
CHROMATRAP,sales@chromatrap.com
Cosmeditech,shareen.geers@cosmeditech.com
Ai Mediq S.A.,info@aimediq.com
SoftBank Robotics Europe SAS,emea-sales@aldebaran.com
JELLAGEN PTY LTD,communications@jellagen.co.uk
"Quest Medical, Inc.",custserv@questmedical.com
Fast-Track Diagnostics,info@fast-trackdiagnostics.com
InterSystems GmbH,info@intersystems.de
Nordavind Z.A.O.,info@nordavind.ru
World Human Dimension Foundation O.O.O,whd@rambler.ru
Vital Images Germany GmbH ViTAL,info@vitalimages.com
kiwiw Systems GmbH,info@kiwiw.de
"MEDICALIP Co., Ltd.",
Native LTD,info@nativeclub.ru
CG MEDICAL SAS,cgmedical@cgmedical.fr
Urifoon BV,martin.kip@urifoon.nl
Famco International Inc.,info@famco-inc.com
"I-Ming Sanitary Materials Co., Ltd.",iming@supports.com.tw
Dörr Kampen BV,info@dorrkampen.nl
"Wujiang Evergreen Ex/Im Co., Ltd.",rainy@szmedica.com
"Tempshield, Inc.",info@tempshield.com
SVA System Vertrieb Alexander GmbH,medpower@sva.de
Paramedical srl,pokler@tin.it
PDR Ltd.,info@pdronline.co.uk
CloudCair Ltd.,info@cloudcair.com
BEXTOM SOLUTIONS S.L.,coo@bextom.com
SURE CHILL LTD.,hello@surechill.com
Medbar Tibbi Malzemeler Turizm San ve Tic. A.S.,info@medbar.com.tr
Fraunhofer IZI - BB Bioanalytik & Bioprozesse,info@izi-bb.fraunhofer.de
Fraunhofer-Institut für Keramische Technlogien und Systeme IKTS,info@ikts.fraunhofer.de
Molecular Products Ltd,sales@molprod.com
OES MEDICAL LIMITED,sales@oes-medical.co.uk
Universitätsklinikum Essen (AöR),christian.dahlmann@uk-essen.de
NorVap Ltd,info@norvap.com
Haigh Engineering Co. Ltd.,info@haigh.co.uk
Warwick Sasco Ltd.,info@sasco.co.uk
MedTree BTME Group Ltd.,sales@medtree.co.uk
Biopanda Reagents Ltd,info@biopanda.co.uk
Clinishare Limited,info@clinishare.net
Medical Developments UK Limited,adrian.geeturner@medicaldev.com
Elite Electronic Systems Ltd.,info@elitees.com
G-Care Medical Ltd.,sales@gcaremedical.com
Intelesens Ltd.,info@intelesens.com
TriMedika Ltd,info@trimedika.com
G+N Medical,medsales@gandn.com
"ALLOTECH CO., LTD",allotechseller@gmail.com
"DK Medical Systems Co., Ltd.",global@dk.co.kr
"DaeWon Pharm Co., Ltd.",bskim@daewonpharm.com
DRTECH Corporation Limited,drlee@drtech.co.kr
"Hironic Co., Ltd.",europe2@hironic.com
"BIXOLON Co., Ltd.",ekim@bixolon.com
"INSUNG INFORMATION CO., LTD.",sara@insunginfo.co.kr
"NanoFocusRay Co., Ltd.",dkjang@nfr.kr
"Optowell Co., Ltd.",justinkim@optowell.com
"Saeshin Precision Co., Ltd.",traus@saeshin.com
"SoYeon Co., Ltd.",symedical@sy-medical.com
"SUNGSHIM MEDICAL CO., LTD",sungmedi@ss-medical.co.kr
"HanKilTech Medical Co., Ltd.",exporthkt@naver.com
Woori Material Inc.,jcp2005@naver.com
Blackwood Embedded Solutions Ltd.,
Adhezion Biomedical LLC,info@adhezion.com
Bioplast Manufacturing LLC,fpettine@bioplastmfg.com
Brooks Instrument,brooksam@brooksinstrument.com
Gentell Wound & Skin Protection Products,dnavazio@gentell.com
"InfraScan, Inc.",sales@infrascanner.com
"IngMar Medical, Ltd.",blinn@ingmarmed.com
HawkGrips,narcher@hawkgrips.com
"Lite Tech, Inc.",sales@xenolitexray.com
"Moberg Research, Inc.",info@moberg.com
"Sauvair, Inc.",skrentler@sauvair.com
"Sound Technology, Inc.",rick.edmiston@sti-ultrasound.com
"Beijing Chemclin Biotech Co., Ltd.",BD@chemclin.com
CompuGroup Medical Deutschland AG Geschäftsbereich TURBOMED,info@turbomed.de
CGM Clinical Deutschland GmbH,andrea.kamphausen@cgm.com
"Nanjing Joncn Science & Technology Co., Ltd.",joncn@vip.126.com
"Jiangsu Rixin Medical Equipment Co., Ltd.",export@rxyl.com
"Zhejiang Shuyou Surgical Instrument Co., Ltd",sales@shuyou-china.com
"Beijing Kelida Medical Equipment Developing Co., Ltd.",nanfangma@126.com
"Shenzhen Hawk Medical Instrument Co., Ltd.",szhk@hawkmedial.cn
Shanghai Yikang Medical Instruments,yvonne.zhang@smaf.com.cn
"Guangzhou WIT Medical Technology Co., Ltd",evanliu@witmedical.com
"Shenzhen Fitconn Technology Co., Ltd.",sales@cnfure.com
"Guangdong Transtek Medical Electronics Co., Ltd.",lenny@transtek.cn
"Guangdong Kaiyang Medical Technology Group Co., Ltd.",ky07@nhkaiyang.com
"Shenzhen Bioeasy Biotechnology Co., Ltd.",peterzhong@bioeasy.net.cn
"ZHUHAI WELLHOME MEDICAL SCIENCE & TECHNOLOGY CO., LTD",cykindway@hotmail.com
"ZHEJIANG SHENGYUAN COMPRESSOR MANUFACTURING CO., LTD",sales@chinafengbao.com
"Guangdong Yuehua Medical Instrument Factory Co., Ltd.",export@yhmedical.com
"Shenzhen Youngme Information Communication System Co., Ltd.",ysz18@163.com
"Chengdu Xinxing Endoscopes Science & Technology Company Co., Ltd.",xinxingkj@vip.sina.com
"Beijing Fangsheng Yida Science and Technology Development Co., Ltd.",fandy@fsymedical.com
"Beijing Jingdong Technology Co., Ltd.",tina.h@bjjingdong.com
"Zhangjiagang Xiehe Medical Apparatus & Instruments Co., Ltd.",medical@xieeh.com.cn
"Xuzhou Yongkang Electronic Science Technology Co., Ltd.",issac@yonkor.cn
North-Southern Electronics Limited,export@nsechina.com
"Reed Sinopharm Exhibitions Co., Ltd.",ying.gu@reedsinopharm.com
"Hebei Pukang Medical Instruments Co., Ltd.",pukang080@hbpukang.com
"Beijing L.H.H. Medical Science Development Co., Ltd.",wli@lhh-medical.com
"Zhangjiagang New Fellow Med Co., Ltd",eric@newfellowmed.com
"Suzhou Stronger Medical Instruments Co., Ltd.",stronger_sz@sina.com
"Jiangsu Konsung Bio-Medical Science and Technology Co., Ltd.",info@konsung.com
"Wuhan ZonCare Bio-Medical Electronics Co., Ltd.",info@zoncare.com
"General Meditech, Inc.",assistant@szmedtech.com
"Alltion (Wuzhou) Co., Ltd.",sales@alltion.com
"taizhou ZWEIYE Machinery Manufacturing Co., Ltd.",zoe@weiyemachinery.com
"Nanjing Tianao Medical Instruments Manufacture Co., Ltd.",sales1@tianao.com
Viacell s.r.o.,info@viacell.cz
"Lidermed, S.A.",info@lidermed.com
"Bioteckfarm, Ltd",info@voscopran.ru
"Intrinsyk Medical Devices, LLC",solutions@intrinsyk.com
SciVision Biotech Inc.,service@scivisionbiotech.com.tw
Moscow Healthcare Department Radiology Research and Practical Centre,zuenkova@rpcmr.org.ru
EMCO O.O.O.,emco@bk.ru
AVECINNA COMPANY,Info@avecinna.com
ts design uk,hello@tsdesignuk.com
Lenus GmbH,info@lenus.de
General Implants GmbH,info@general-implants.com
Bioclad Ltd.,sales@bioclad.com
Kabo S.r.l.,kabo@kabo.it
"jjPlus Corporation Co., Ltd.",medical@jjplus.com
esteer® Pharma UG (haftungsbeschränkt),postmaster@esteer.com
Maltron International Ltd.,info@maltronint.com
"Therapeutic Dimensions, Inc.",roballen@myrangemaster.com
Onestep Laboratories Inc.,info@1steplab.com
"GAUKE Healthcare Co., Ltd.",info@gaukefirstaidkit.com
EMTEL Sliwa sp.k.,medical@emtel.com.pl
Prometheus Medical Ltd,enquiries@prometheusmed.com
Meditech (B.N.O.S Meditech Ltd.),sales@meditech.uk.com
Limpeeze Ltd.,sales@limpeeze.com
Afos Limited,info@afosgroup.com
Bolton Surgical Limited,sales@boltons.co.uk
Connect 2 Cleanrooms Ltd,info@connect2cleanrooms.com
CUI International Ltd.,admin@cuiwear.com
Tookie Limited,david.axon@tookie.co
Sheffield Hallam University,business@shu.ac.uk
"Ministerium für Wirtschaft, Arbeit und Wohnungsbau Baden-Württemberg Initiative für Existenzgründungen",ifex@wm.bwl.de
MediFox GmbH,info@medifox.de
"FITOR FIBRAS, LDA",
PWB Health (UK) Ltd.,info@breastlight.com
Physicool Ltd,ian@physicool.co.uk
Fraunhofer-Institut für Angewandte Informationstechnik FIT,info@fit.fraunhofer.de
Redhawk Medical Products UK lTD,info@redhawkmedical.co.uk
"Livan Technology Co., Ltd.",jack@livan-co.com
"Jiangsu Caina Medical Co., Ltd.",jun.lu@cainamed.com
"Chengdu Seamaty Technology Co., Ltd.",info@seamaty.com
Myontec Oy,info@myontec.com
Empatica s.r.l.,info@empatica.com
Samed GmbH Dresden,info@samed-dresden.de
"Xuzhou AKX Electronic Science and Technology Co., Ltd.",akx@imagetrec.org
"Hangzhou Sejoy Electronics & Instruments Co., Ltd.",sale11@sejoy.com
Institute of Zhejiang Medzone Biomedical Materials and Devices Corp.,
"Nanjing Perlove Medical Equipment Co., Ltd.",overseas@perlong.com.cn
Amfit Inc.,sales@amfit.com
"Shift Labs, Inc.",info@shiftlabs.com
"ISS AG, Integrated Scientific Services",info@iss-ag.ch
Medibrane Ltd,info@medibrane.com
"Shenzhen Beacon Display Technology Co., Ltd.",lweng@beacon-display.cn
Medilink Yorkshire & Humber Ltd.,international@medilink.co.uk
Gemmy Industrial Corporation,gemmy888@gemmy.com.tw
BriteMED Technology Inc.,mandywang@britemed.com.tw
"Spirit Medical Co., Ltd.",info@spiritmedical.com.tw
Lagis Enterprise Co. Ltd.,service@lagis.com.tw
"Agnitio Science & Technology, Inc.",marketing@agnitiost.com
"Chang Gung Medical Technology Co., Ltd.",cgmc@cgmc.com.tw
"Teamforce Co., Ltd",sales@teamforce.com.tw
"CHIYI TECHNOLOGY CO., LTD",sarah@chiyitech.com
Aurum Biomedical Technology Inc.,info@aurumbio.com
Broadsound Corporation Ltd.,info@broadsound.com.tw
APPLE BioMedical Inc.,sls@applebmi.com
Radiant Innovation Inc.,mkt@radiantek.com.tw
"HIGHGRADE TECH. CO., LTD.",highgrade@highgrade.com.tw
"Medical Master Co., Ltd.",info@medical-master.com
Better Enterprise Co. Ltd.,"monika@betteralways.com, yaochai@betteralways.com"
"Sigma-Care Development Co., Ltd.",sigmabed@ms64.hinet.net
"St. Francis Medical Equipment Co., Ltd.",sthong@ms18.hinet.net
"Sinpro Electronics Co., Ltd.",inquiry@sinpro.com
E-Top Union Inc.,query@leaddata.com.tw
"AETO TECHNOLOGY CO., LTD",emily@aetotech.com
Maisense Inc.,info@maisense.com
"GeneJet Biotech Co., Ltd.",info@genejet.net
"AERO PRO Co., Ltd.",shuennba@ms17.hinet.net
"Mocare Health Co., Ltd.",service@mocarehealth.com
MicroBase Technology Corp.,irenehung@microbase.com.tw
"Chensin Packing Industry Co., Ltd",airpore@gmail.com
PE & LE Enterprise Ltd.,info@pele.com.tw
Yasco Enterprise Corp. Ltd.,yasco88@ms37.hinet.net
Lonjyfan Enterprise Corp. Ltd.,info@lonjyfan.com.tw
"Da Yu Enterprise Co., Ltd.",service@dayu99.com
Tronjen Technology Inc.,sunnyku@hojo.com.tw
Taiwan Surgical Corporation,alex@taiwansurgical.com.tw
"Mouldex Co., Ltd.",sales@mouldex.com.tw
"HA JOIN INDUSTRIAL CO., LTD.",ha.join@msa.hinet.net
"Green Energy Nano Technology Co., Ltd.",888@greene.com.tw
Easting Biotechnology Company Limited,esther.chen@eastingbio.com
Ten Comfort Corporation,tencom@tencom.com.tw
CLIQ (DHCL GROUP) LTD.,info@cliqmedical.com
Scienco Technology Corp. Ltd.,info@simcheck.com.tw
"Alliance International Co., Ltd.",service@alliance-intl.com.tw
Rheamed Biotechnology Company,bio@rheamed.com
VISGENEER INC.,service@visgeneer.com.tw
Marsden Weighing Machine Group Limited,sales@marsdengroup.co.uk
PulseFlow Technologies Diabetic Boot Company Ltd.,info@pulse-flow.net
Precision UK Ltd. Medical Gas Pipeline Specialists,info@precisionuk.co.uk
DCA Design International Ltd.,medical@dca-design.com
Chroma Technology Corp.,sales@chroma.com
Labsystems Diagnostics Oy,sales@labsystemsdx.com
Elers Medical Ltd.,info@elers-medical.eu
Salute Rehab Ltd,orlybar@salute.technology
TSEM med SWISS SA,gbizzaro@tsemmed.com
"Barcelcom Texteis, SA",info@barcelcomtexteis.com
DLR Medikal San. ve Dis Tic. Ltd. Sti.,info@dlrmed.com
HALICI SAGLIK TEKSTIL GEREÇLERI ITH. IHR SAN.TIC. LTD. STI.,info@halicisaglik.com.tr
LPG Systems S.A.,contact@lpgsystems.com
"NewScen Coast Bio-Pharmaceutical Co., Ltd.",business.int@newscen.com
"Jiun Star Co., Ltd",sales@jiunstar.com.tw
Chirana Progress s.r.o,chirana@chirana-progress.sk
Eco Rehatechnik GmbH,info@eco-rehatechnik.de
"Shenzhen Oceanus Medical Device Co., Ltd",info@oceanuswave.com
intelligent motion gmbh,sales@intelligentmotion.at
BIOPRO Baden-Württemberg GmbH,info@bio-pro.de
VANAD Enovation BV,salessupport@vanadgroup.com
MagicPharma Lda.,info@magicpharma.pt
Biomedical Innovations Corp. a Nissha Company,info@biomedical-innovations.com
INCISION Academy BV,info@incision.care
ALECH SRL,info@alech.it
EXCO GmbH,info@exco.de
"Tonglu Zhouji Medical Instrument Co., Ltd.",shirley@zhouji-medical.com
"Chengdu Easyhealth Technology Co., Ltd.",easyhealthchengdu@gmail.com
Wallace Cameron International Ltd.,sales@wallacecameron.com
Green Cross Medico Ltd,sheena.jack@greencrossmedico.com
PPS UK Ltd.,ppsuk@pressureprofile.com
Clear Surgical Ltd.,george.dryburgh@clearsurgical.com
Birthsparks Ltd,sales@cub-support.com
Excellentcare Medical Ltd.,info@excellentcare.co.uk
FlexMedical Solutions Ltd.,info@flexmedical-solutions.com
Lorit Consultancy,info@lorit-consultancy.com
Guardian,gill.sillars@guardiansurgical.com
"Collove - Custoitex, Lda",monicamonais@custoitex.pt
Capricorn Products LLC,cleonard@capricornproducts.com
CITEVE - Portuguese Technological Center for the Textile & Clothing Industry,citeve@citeve.pt
"Tecnilatex, S.A.",info@tecnilatex.com
Lewel Group Oy,info@lewelgroup.com
PentaBase ApS,contact@pentabase.com
"Jusha Display Technology Co., Ltd.","international@jusha.com.cn, liyun@jusha.com.cn"
"UEpro, Lda",uepro@uepro.com
RP High Tech Lda.,moldesrp@moldesrp.pt
MOLDES RP Lda.,moldesrp@moldesrp.pt
Rimco Corporation,
Histo-Line Laboratories S.r.l.,info@histoline.com
FireEye Deutschland GmbH,dach@fireeye.com
PAVIS SpA,info@pavis.it
BLUESOM SAS,hello@bluepro.pro
Primed Halberstadt Medizintechnik GmbH,primed@primed-halberstadt.de
Cutest Systems Ltd.,info@cutest.co.uk
EverBio Technology Inc.,info@everbiotech.com
Department for International Trade (DIT),John.Lownds@trade.gsi.gov.uk
Collagen Solutions plc,medica16@collagensolutions.com
Scottish Development International Scottish Enterprise,enquiry@scotent.co.uk
"Medwell Medical Products Co., Ltd",
CBM Smart Health Cluster Friuli Venezia Giulia SCRL,info@cbm.fvg.it
KIRMED SRL,international@kirmed.com
R3PLACE SRL,
"Banzai Corporation Pvt., Ltd.",info@banzai.com.pk
PIOMED GmbH,kontakt@piomed.ch
DIPTECH INDUSTRIES SDN BHD,gboon@diptech.com.my
"Hangzhou Guoguang Touring Commodity Co., Ltd.",guoguang@hz-guoguang.com
"Yangzhou Medline Industry Co., Ltd.",sales@cnmedical.net
"Beijing Safe Heart Technology Co., Ltd.",remy@safeheart.com.cn
ifap Service-Institut für Ärzte und Apotheker GmbH,info@ifap.de
DAUD JEE MFG. CO,info@daudjeemfg.com
CompuGroup Medical Deutschland AG Geschäftsbereich Telematik Infrastruktur,
CompuGroup Medical Deutschland AG GB Medizinische Informationssysteme,info.deutschland@cgm.com
CompuGroup Medical Deutschland AG Geschäftsbereich telemed,vertrieb@telemed.de
Kunshan Health&Beyond Inc.,info@healthandbeyond.cn
"Vadi Medical Technology Co., Ltd.",sales@vadimedical.com.tw
"Li-Tek Technology Co., Ltd",butter@li-tek.com
Tex Year Industries Inc.,brianc@texyear.com
Pharmed Neurotechnics Ltd,info@pharmed-group.com
Endospec Inc.,info@endospecinc.com
Kohlbrat & Bunz GmbH,office@kohlbrat-bunz.com
DeTechnik GmbH,messe@detechnik.de
Geon Corporation Ltd.,info@geon.com.tw
Molekula Group,"kbanks@molekula.com, enquiries@molekula.com"
Tecan Deutschland GmbH,info-de@tecan.com
privadis GmbH,info@privadis.de
"Well Lands Enterprise Co., Ltd.",wellland@wellland.com.tw
UVLrx Therapeutics,kirs@uvlrx.com
solimed - Unternehmen Gesundheit GmbH & Co. KG,netzbuero@solimed.de
SYSADVANCE - Sistemas de Engenharia SA,info@sysadvance.com
Amcor Flexibles SPS SASU,contact.sps@amcor.com
Evena Medical Inc.,info@evenamed.com
Hamburg Applications MES UG (haftungsbeschränkt),info@hamburg-applications.com
Mesa Biotech,
"Anqing Baojie Packaging Co., Ltd.",2880992571@qq.com
"Jiangxi Langhe Medical Instrument Co., Ltd",
medical bees GmbH,info@medical-bees.de
"MedicalTek Co., Ltd.",mdtk.tw@gmail.com
TapMed Medizintechnik Handels GmbH,info@tapmed.de
"BI Medical, LLC",elizabeth@materialsscience.org
Sappi Casting & Release Paper,neoterix@sappi.com
Melet Schloesing Laboratoires GmbH C & E Europe,office@mslab.at
Shandong Sincere Medical Products Co. Ltd.,sales@sinceremed.com
GEMTIER MEDICAL (SHANGHAI) INC.,sales@gemtier.com
"Hangzhou GSPmed Medical Appliances Co., Ltd.",info@gspmed.com
Changshu Beyond Medical Device Co. Ltd.,by@beyondmed.cn
Rumidimur DMCC,rumidimur@rumidimur.com
MEGASAN Medikal Gaz Sistemleri Tibbi Alet ve Cihazlar A.S. Çankiri,yecelikten@megasan.com.tr
My Pharma Company SAS,contact@mypharmacompany.com
JenaSurgical GmbH,info@jenasurgical.com
"National Bio-Founder Biotechnology Co., Ltd.",info@nb-f.cn
Nestmedic Sp. z o.o.,office@nestmedic.com
"Sunrise Medtech International Co., Ltd.",info@srmedtech.com
"Shenzhen Szone Medical Electronic Co., Ltd.",sales@szonemed.com
"Wuxi BioHermes Bio&Medical Technology Co., Ltd.",info@biohermes.com.cn
Rising Medical Cooperation Limited,marketing@kewei-rising.com
Shenzhen Association of Medical Devices,medicalshow@samd.org.cn
"Sunray Medical Apparatus CO., LTD",overseas@sunray.cn
BTL Medizintechnik GmbH,info@btlmed.de
Hermann Medizintechnik GmbH,info@hermann-medizintechnik.de
Humanscale International Holdings Ltd.,info@humanscale.co.uk
"Shenzhen Jiacom Technology Co., Ltd.",robin@szjiakang.com
"Shenzhen Aeon Technology Co., Ltd.",market@aeon-med.com
"Shenzhen Bliss Technology Co., Ltd.",zhu@blissbest.com
"Shenzhen Probe Science & Technology Co., Ltd.",liyz@probemedical.com
"Shenzhen Shenchao Transducer Co., Ltd.",market@probe-china.com
"Jing Yun Plastics Co., Ltd.",wendy.hung@jyplastics.com
"APK Technology Co., Ltd.",offices2@apk-technology.com
STERIMED SARL,export@cons-med.com
PECMI,imed.charfeddine@groupepec.com
MEDIKA HITEX,s.charnine@medis.com.tn
Sofemed International SARL,export@sofemed.com.tn
BIOSPHERE BIOLOGICAL TECHNICS SARL,hds.rigane@biosphere.tn
Societe de Fabrication des Articles Pharmaceutiques SO.F.A.P,selim.mrad-daly@sofapmedical.com
BioService Tunisie SARL,info@bioservicetunisie.com
"Biomedical Instruments Co., Ltd.",sales@bi-biomed.com
"Shenzhen Taijia Electronics Co.,Ltd.","judy@taijia.com, zjangxiaoru@taijia.com"
"Shenzhen Jumper Medical Equipment Co, Ltd.",info@jumper-medical.com
"Shenzhen Kingyield Technology Co., Ltd.",kingyield@kingyield.com
"Sky Wise Medical Instrument(Shenzhen) Co.,Ltd",sales@skynector.com
"Guangzhou Huaxi Medical Science Technology Co., Ltd.",kelzhang@gzhuaxi.com
"Shenzhen ECGMAC Medical Electronics Co.,Ltd.",info@ecgmac.com
Shenzhen Boomingshing Medical Device Co.,"cs5@bomingshing.com, cs7@bomingshing.com"
"FUDAKANG INDUSTRIAL CO., LTD",sales3@fudakang.com
REMA Medizintechnik GmbH,info@rema-surgery.de
"Shenzhen Elite Medical Technology Co., LTD",sales@chinaelitemed.com
Mizuho OSI Corporation,kmccallum@mizuhosi.com
Früh Verpackungstechnik AG,tgood@fruh.ch
Innovfusion Pte. Ltd.,theotan@thebiofactory.com
SG Meditech Pte Ltd,theotan@thebiofactory.com
TNR Diagnostics Pte Ltd,theotan@thebiofactory.com
Oscare Medical Oy,info@oscaremedical.fi
Lysoform Dr. Hans Rosemann GmbH,kontakt@lysoform.de
"Fiberpure Co., Ltd.",info@fiberpure.com.tw
Ultra for Medical Products Co. ULTRAMED,shady@elaggargroup.com
Life Wear Technolgies,
MAJnMAR MEDICAL PRODUCTS Co. Ltd.,info@majnmar.com
"Shenzhen Wisonic Medical Technology Co., Ltd.",info@wisonic.cn
NINGBO SUNCARE MEDICAL INSTRUMENTS CO. LTD.,info@suncaremed.com
"Changzhou Shuangma Medical Devices Co., Ltd.",info@shuangma-china.com
Ningbo Newcare Import & Export Co. Ltd.,sale@chinanewcare.com
Healthcare IT Solutions GmbH,info@hit-solutions.de
MEDIFIT SRL,info@medifit.tech
Fraunhofer-Institut für Fertigungstechnik und Angewandte Materialforschung IFAM,info@ifam.fraunhofer.de
Ansmann AG,info@ansmann.de
Hoffmann+Krippner GmbH,info@tastatur.de
Farum S.A.,export@farum.com.pl
ITEMAS: Healthcare Technologies Innovation Platform,info@itemas.org
AirSep Corporation,info@airsep.com
Lasotronix Marcin Pokora,med@lasotronix.eu
"Sazgan Gostar Co., Ltd.",info@sazgan.com
Parsiss Co.,sales@parsiss.com
Ehya Darman Pishrafteh,info@ehyadarman.com
ChitoTech Inc.,info@chitotech.com
Kavandish System Engineering Co. Inc.,info@kavandish.com
DAHIANPEZESHKI PISHRO,info@dahian-co.com
Novatis Teb Company LLC,info@icdgroup.org
Danesh Bonyan Maya Slim Aria,info@medariaco.com
Pooyandegan Pezeshki Pardis (3P) Ltd.,info@3pardis.com
BehbanShimi Pharmaceutical Company,info@behbanshimi.ir
"Zhejiang Haisheng Medical Device Co., Ltd.",info@hisern.com
Communauté d'agglomération Caen la mer EPCI,laure.lehaut@synergia.fr
Jiangsu Allwell Medical Products Co.Ltd.,
"Hangzhou Kailong Medical Instruments Co., Ltd.",info@kailongx-ray.com
"Yixing Medical Devices Co., Ltd.",Ethansales@163.com
"HUGER Medical Instruments Co., Ltd.",inform@huger.cn
"Suzhou Hengxiang Import & Export Co., Ltd.",wmgl@hengxiang.cn
KUKA Roboter GmbH,sales.robotics.de@kuka.com
Addcare Bio-Tech Ltd. Company,sales@addcare.cn
A.M.C. STAMPI S.R.L,elisa@amcstampi.it
TES Frontdesign GmbH,info@tes-frontdesign.de
"Statcorp Medical Corporation a part of Spacelabs Healthcare, an OSI Systems Co.",customerservicestatcorp@osi-systems.com
Cruinn Medical Ltd,info@cruinn.ie
Centra for Medical Supplies JSC,info@centra-egypt.com
"TOP-MEDICAL MEDICAL DRESSING CO., LTD.",laurence@topmedical.com.cn
Vitro Scient Limited Partnership,info@vitroscient.com
Egy Chem for Lab Technology S.A.E,sales@egy-chem.net
Miralab,logistics@mira-lab.com
HCS Computertechnologie GmbH,info@hcs-ct.de
VINNO Technology (German) GmbH,
CAIRE Inc,customerservice.europe@chartindustries.com
Deutsche Gesellschaft für Telemedizin e.V.,info@dgtelemed.de
Chart MVE,customerservice.europe@chartindustries.com
medica Medizintechnik GmbH,info@thera-trainer.de
Braxton MFG Co. Inc.,sales@braxtonmfg.com
ITZ Medicom GmbH & Co. KG,info@itz-medi.com
HPI SAS,hpi@hpi-medical.com
G. Brans Beneware Benelux,info@beneware.nl
Taisier-Med (S.A.E.) Surgical Sutures & Mes,info@taisiermed.com
intarsys consulting GmbH,sales@intarsys.de
"Perfect Medical Industry Co., Ltd.",1029@pwuhui.com.tw
"Lampire Biological Laboratories, Inc.",lampire@lampire.com
Dymax Corporation,info@dymax.com
Hochschule Trier Umweltcampus Birkenfeld,presse@umwelt-campus.de
RHEIN Enterprises (Pvt) Ltd.,info@rheingroup.com
Parsian Medical Co.,info@parsianmedical.com
ZAB ZukunftsAgentur Brandenburg GmbH,info@zab-brandenburg.de
MT MonitorTechnik GmbH & Co. KG,monitortechnik@t-online.de
PHARMA SEPT MEDICAL PRODUCTS INC.,info@pharmasept.com
AKLEBIA eCare Solutions GmbH Aktiv leben im Alter,service@aklebia.de
BOX O3 GmbH,info@boxo3.de
R-Optics O.O.O,info@r-optics.ru
The International Medical Cluster Foundation,info@imc-foundation.ru
NOMICS S.A.,sales@nomics.be
Upright Technologies Ltd,oded@uprightpose.com
Science & Engineering Center Scaner LLC,sr@scaner.ck.ua
Medisana AG,info@medisana.de
disty communications GmbH,info@disty.de
Cosinuss GmbH,info@cosinuss.com
112Motion BV,info@112motion.com
"Bore Da Biotech Co., Ltd.",
Forta Medical SIA,info@fortamedical.com
Nebropath GmbH,info@nebropath.de
Enfucell Oy,info@enfucell.com
TESCOM EUROPE GmbH & Co. KG,eu.tescom@emerson.com
Branson Ultraschall Niederlassung der EMERSON Technologies GmbH & Co. OHG,info@branson.eu
Medical Predictive Science Corporation,info@heroscore.com
Friendship Europe ApS,
"Ultra-Controlo Projectos Industriais, Lda.",info@ultra-controlo.com
"United Imaging Systems (Beijing) Co., Ltd.",sales@unimaging.com
Nordiska GmbH,info@nordiska.de
Silver Med,help@silver-med.com
Novo Care for Trading and Agancies,novocare@novocare.com.eg
Vi Pha Co,contact@vipha.co
KiWi GmbH,info@kiwi-kiel.de
MININI S.R.L.,info@minini.eu
Arab Medical Equipments Company (AMECO),ameco@amecoegypt.com
Enteplin Egypt,sales@enteplin.com
Apex Tools and Orthopedics Co. Ltd.,apex@apexitool.net
Interco SPRL,info@intercomatelas.be
Urban Invention GbR,contact@urban-invention.com
CNC Sail Large International Group Inc.,
"Somnics, Inc.",weichun@somnics.com
Technomed Europe BV,info@technomed.nl
Sanquin Blood Supply Foundation Division Reagents,reagents@sanquin.nl
Medisafe Technologies,contact@medisafe-tech.com
"Ningbo Techart Medical Equipment Co., Ltd.",sales01@techartmed.com
"Hopefull Medical Equipment Co., Ltd.",salea01@hope-full.com
WRIG Nanosystems Pvt. Ltd.,siddarth@wrig.in
Ceyoniq Consulting GmbH,info-consulting@ceyoniq.com
"Joson-Care Enterprise Co., Ltd.",overseas_ma@joson-care.com.tw
Kinesis Health Technologies Ltd.,info@kinesis.ie
Personal Connected Health Alliance / Continua,info@pchalliance.org
Fokus Technologies GmbH,info@fokus-technologies.de
MIME Technologies Ltd.,info@mimetechnologies.com
Melvin ApS,info@mymelvin.com
arab medical Egypt,info@acita.com
EUROMED,euromed@euromed.com.eg
Austrian Business Agency GmbH,office@aba.gv.at
Vitacon AS,
BeneSol,
Mobile Workforce Inc.,sales@mobile-workforce.com
HOTSPOT AREA - Messe Düsseldorf GmbH,
GLÄSERNE REDAKTION - Messe Düsseldorf GmbH,
Usono,
Bambi Belt B.V.,info@bambi-belt.com
Rein Medical GmbH,info@reinmedical.com
Prodipp ApS,Keld@Prodipp.com
Omnicare Group Inc.,info@omnicareonline.com
Maestro Innovations Corporation,maestro@maestrohealthcare.com
UEBE Medical GmbH,info@uebe.com
"Advanced Instrumentations, Inc.",info@advanced-inst.com
Noxerior s.r.l.,info@noxerior.com
Roche Diabetes Care,info@roche.com
"DONGGUAN CITY RISEN MEDICAL PRODUCTS CO., LTD.",info@risenmedical.com
"Suzhou Pulikang Medical Device Co., Ltd",
"Shanghai Minhua Medical Apparatus Supplies Co., Ltd",
goMed2Med BV,info@gomed2med.com
Silfradent S.r.l.,info@silfradent.com
Sabri Industries,sabri@nmsabri.com
Kummas Corporation,info@kummas.com
Ekso Bionics Europe GmbH,enquiries@eksobionics.com
Especialistas en Esterilizacion y Envase SA de CV,sales@grupoeee.com
Lomed Nederland BV,info@lomed.com
Oxyhelp Industry GmbH,office@oxyhelp.eu
"DISEÑO Y DESARROLLO DE COMPRESORES GRADO MEDICO, SAPI DE C.V.",gerencia@compressorsdd.com
Cohmedic SA de CV,
Chinovik Enterprises Inc,chinovik@outlook.com
"Jiangsu Zhiyu Medical Instrument Co., Ltd.",
"SHENYANG AERTI TECH CO., LTD.",
Sino-Hero (Shenzhen) Bio-Medical Electronics Co. Ltd.,manager@sinoheromed.com
Precision Biosensor Inc.,info@precision-bio.com
MH MEDICAL CO. LTD,info@mhmedical.cn
Nexor Medical GmbH,
Begüm Saglik Hizmetleri Tibbi Malzemele Danismanlik San ve Tic Ltd Sti,ingrownnail@gmail.com
Unify Deutschland GmbH & Co. KG,marketing.deutschland@unify.com
Vernipoll Srl,cesari@vernipoll.com
Videomed SRL,silvia.selvatico@it.trumpfmedical.com
DRGEM Corporation,drgem@drgem.co.kr
Antares Computer Verlag GmbH,antares@medizin-edv.de
ABANA MEDISYS PVT. LTD.,sales@abanamedisys.com
DGN Deutsches Gesundheitsnetz Service GmbH,infoline@dgn.de
Unitymedia NRW GmbH,
Servizi Associati Soc. Coop.,stefanom@servizi-associati.it
Hygienio Srl,hygienio@hygienio.com
Top Quality Group S.r.l.,info@topqualitygroup.it
Antano Group SRL,commerciale@antanogroup.com
Welcare Industries S.p.A.,info@welcaremedical.com
BTREE SRL,info@btree.it
10 MED LLC,sales@10med.com
"HUBEI HUANFU PLASTIC PRODUCTS CO., LTD",sales@hfnonwoven.com
GS1 Germany GmbH,info@gs1-germany.de
"Toyobo Co., Ltd. Diagnostic System Dept.",motoki_kyo@toyobo.jp
ProBrixia Branche Office Chamber of Commerce of Brescia,info@univet.it
Univet s.r.l.,info@univet.it
ProBrixia Branche Office Chamber of Commerce of Brescia,info@univet.it
3A Health Care S.r.l.,mail@3-a.it
ProBrixia Branche Office Chamber of Commerce of Brescia,info@univet.it
Idrogenet Srl,info@gloreha.com
ProBrixia Branche Office Chamber of Commerce of Brescia,info@univet.it
Flaem Nuova S.p.A.,info@flaemnuova.it
Franplast S.p.A.,info@franplast.it
ProBrixia Branche Office Chamber of Commerce of Brescia,info@marfranmed.it
ProBrixia Branche Office Chamber of Commerce of Brescia,info@marfranmed.it
Francesco Franceschetti Elastomeri Srl,info@marfranmed.it
ProBrixia Branche Office Chamber of Commerce of Brescia,info@marfranmed.it
Enki S.r.l.,info@enki-microtubes.com
"Pixelteq, Inc.",info@pixelteq.com
"nSpire Health, Inc.",sales@nspirehealth.com
Johari Digital Healthcare Ltd.,info@joharidigital.com
Intermedica,info@intermedica.com.eg
ARR AUSTRALIA PTY LTD,xindeli@vip.sina.com
Endosurg Medical Inc.,info@endosurgmed.com
Smith Associates Inc,
"Zhejiang Aoki Medical Dressing Co., Ltd.",aoqi@aoqimed.com
Swantia Medical Pvt. Limited,info@swantiamedical.com
NAPIER HEALTHCARE SOLUTIONS PTE. LTD.,info@napierhealthcare.com
CURAPRO GmbH,contact@curapro-trade.com
IQC AG,info@iqc-group.com
Sterimed Infection Control AWH Holding SAS,info@sterimed.fr
DAD&SONS SURGICAL INDUSTRY,info@dnssurgical.com
Guided Therapy Systems,info@guidedtherapy.com
Natvar Corporation A Tekni-Plex Company,carolyn.edwards@tekni-plex.com
avasis GmbH,info@avasis.biz
Lexel SRL,info@lexelmedical.com
"Longood Medicine (Beijing) Co., Ltd.",lange@longood.net
exceet Secure Solutions GmbH,info@exceet-secure-solutions.de
