exhibitor_name,email
Infratronic Solutions Weinmann GmbH,info@infratronic-solutions.com
AGADA Srl,info@agadamedical.it
GVP MED SAS,info@gvpmed.com
KUHFUSS DELABIE GmbH,info@kuhfuss-delabie.de
TRIDENT Srl.,info@trident-dental.com
Acuvista Ultrasound Ltd,info@acuvista.eu
Surgimax Instruments,shahzad@surgimax.com.pk
Skanray Europe srl,info@skanray.com
"Suzhou Yuyue Medical Technology Co., Ltd",sales@yuyue.com.cn
Melten Corporation,nessa.chang@melten.com
Cedic srl,info@cedicbio.com
TRIGEMA Inh. W. Grupp e.K.,bestellservice@trigema.de
NOEX Spolka z ograniczona odpowiedzialnoscia sp.k.,biuro@noex.com.pl
Gate Rehab Development AB,info@gaterd.se
Artsanity Srl,foreignaffairs@artsanity.it
Sensor Medica SAS,info@sensormedica.com
hhp home health products GmbH,managementsupport@hhp.de
"Special Protectors Co., Ltd.",sales@sp-supports.com
EMS Physio Ltd.,sales@emsphysio.co.uk
TOGU GmbH,info@togu.de
ERGO-FIT GmbH & Co. KG,info@ergo-fit.de
"Fresco Podología, S.L.",info@fresco.es
"e-life International Co., Ltd.",info@e-lifebracing.com
Özpinar Therapiegeräte GmbH,info@oezpinar.de
K-Taping Academy GmbH,info@k-taping.de
Weyergans High Care AG,info@weyergans.de
BTE Technologies Corp.,info@btetech.com
HASOMED GmbH,info@hasomed.de
BELSANA Medizinische Erzeugnisse,infoexport@belsana.de
Carci Ind e Com Apar Ort. Ltda,comex@carci.com.br
Famosa Corp.,anita@ciber-sport.com
Vitality Depot,scottspencer@vitalitydepot.com
"ANTAR Sp. J. I. Groniecka-Tarnkowska, A. Tarnkowski",antar@antar.net
Niva Medical Oy,info@nivamedical.fi
SOVDWAER Gesellschaft für EDV-Lösungen mbH,info@sovdwaer.de
Productos Herbitas S.L.,export@herbitas.com
Rimec S.r.l.,rimec@rimec.it
MEDEN-INMED Sp. z o.o.,km@meden.com.pl
"Aspen Medical Products, Inc.",service@aspenmp.com
SLEE medical GmbH,mail@slee.de
Access Bio Inc.,info@accessbio.net
CerTest Biotec S.L.,certest@certest.es
"Labnovation Technologies, Inc.",export@labnovation.com
"SD BIOSENSOR, Inc.",sales@sdbiosensor.com
YD Diagnostics Corporation,derek@yd-diagnostics.com
Diatron MI PLC,sales@diatron.com
Demeditec Diagnostics GmbH,info@demeditec.de
CTK Biotech Inc.,info@ctkbiotech.com
Boule Medical AB,"ida.karlsson@boule.se, info@boule.se"
Shanghai Chemtron Biotech Co. Ltd.,international@chemtronbio.com
Microlit,aviral@microlit.com
Fia Biomed GmbH,sales@fia-biomed.de
PLASTI LAB S.A.R.L.,sales@plastilab-lb.com
Vircell S.L.,info@vircell.com
SIMPORT SCIENTIFIC Inc.,info@simport.com
BioSciTec GmbH,info@bioscitec.de
FL Medical s.r.l.,info@flmedical.com
"Arista Biologicals, Inc.",info@aristabiologicals.com
"Ameritek USA, Inc.",info@ameritek.org
Biotecnica Instruments SpA,mlepri@biotecnica.it
DDKItalia S.r.l.,info@ddkitalia.com
LTA S.R.L.,info@LTAonline.it
Eurospital S.p.A.,info@eurospital.it
Archem Diagnostic Industry Ltd.,info@archem.com.tr
DIAsource ImmunoAssays S.A.,elena.zovi@diasource.be
Applied Microspheres B.V.,apply@applied-microspheres.com
ELISABETH PHARMACON spol. s.r.o.,info@elisabeth.cz
"Autobio Diagnostics Co., Ltd.",info@autobio-diagnostics.com
Titan Biotech Limited,export@titanbiotechltd.com
C.P.M. SAS,cpm@cpmsas.it
KW APPARECCHI SCIENTIFICI S.R.L.,expdpt@kwkw.it
"Awareness Technology, Inc.",info@awaretech.com
C.F. Di Ciro Fiocchetti & C. SNC,info@fiocchetti.it
Syntesys SAS di Rinaldo Ruggero,export@syntesys.it
"Mindray Bio-Medical Electronics Co., Ltd.",intl-market@mindray.com
Zenith Lab Inc,service@zenithlabo.com
Richen Cortex Europe SRL,info@richencortexeurope.com
"DYNEX TECHNOLOGIES, spol. s r.o.",office@dynex.cz
"WELCO Co., Ltd.",sales@welco.net
Tarsons Products Private Limited,praktik@tarsons.in
Biohit Oyj,info@biohit.fi
Nupore Filtration Systems Pvt. Ltd.,amit@nupore.com
Advanced Microdevices Pvt. Ltd.,info@mdimembrane.com
AGD BIOMEDICALS PVT. LTD,sales@agdbio.com
Turklab Tibbi Malzemeler San. Tic. A.S.,export@turklab.com.tr
DIARECT AG,info@diarect.com
"Express Diagnostics Int'l, Inc.",edi.marketing@drugcheck.com
Holtsch Medizinprodukte GmbH,info@holtsch-med.com
Helmer Scientific Corp.,rforero@helmerinc.com
Diconex S.A.,info@diconex.com
AHN Biotechnologie GmbH,info@ahn-bio.de
Accurex Biomedical Pvt. Ltd.,dhruv@accurex.net
Agappe Diagnostics Switzerland GmbH,info@agappeswiss.com
Phyto Performance Italia S.r.l.,info@phytoperformance.com
"Teco Medical Instruments, Production + Trading GmbH",info@teco-gmbh.com
Novamed Ltd.,info@novamed.co.il
Spectrum Diagnostics Egyptian Company for Biotechnology,info@spectrum-diagnostics.com
SteriLance Medical (Suzhou) Inc.,charleenjie@sterilance.com
"EDAN Diagnostics, Inc.",rontang@edandiagnostics.com
"Condor (Canada) Medical Co., Ltd.",sales@condorholdings.com
"Shenzhen Landwind Industry Co., Ltd.",sales@landwindmedical.com
"DaAn Gene Co., Ltd. of Sun Yat-sen University",marketing@daangene.com
Taidoc Technology Corporation,sales@taidoc.com
CHIL TIBBI MALZ. SAN. VE TIC. LTD. STI.,info@chil.com.tr
nal von minden GmbH,info@nal-vonminden.de
ABDOS LABTECH PRIVATE LIMITED.,
Isi Plast SPA,isiplast@isiplast.com
Socorex Isba SA,socorex@socorex.com
"Microbiologics, Inc.",info@microbiologics.com
BÜHLMANN Laboratories AG,info@buhlmannlabs.ch
MEDITE GmbH,info@medite.de
"Beijing Wantai Biological Pharmacy Enterprise Co., Ltd.",wtexport@ystwt.com
Runner S.r.l.,runner@runnerfitness.it
P&L Scientific Inc.,info@plscientificinc.com
Apacor Limited,sales@apacor.com
"Guangzhou Hongqi Optical Instrument Technology Co., Ltd.",info@hqbio.com
GANIKDERMA S.R.L.,info@ganikderma.com
Haider Bioswing GmbH,info@bioswing.de
Disposafe Health & Life Care Ltd.,"ndc@disposafe.com, info@disposafe.com"
TMT Tibbi Teknik San. ve Dis Tic. Ltd. Sti.,info@egemen.com.tr
Harsoria Healthcare Pvt. Ltd.,info@harsoria.com
"Newvalue Medical Products Pte., Ltd",zhouxm@new-value.cn
"Jiangsu Suyun Medical Materials Co., Ltd.",Chairman@suyunmedical.com
ANGIMEDICA s.r.l.,direzione@angimedica.it
FMH Cultural Corporation,service@fmh.com.tw
"Shanghai Jianzhong Medical Packaging Co., Ltd.",jimmy@mpackchina.com
Bioteque Corporation,"ruby@bioteq.com.tw, sales@bioteq.com.tw"
"Advance Medical Designs, Inc.",morrist@advmeddes.com
"Changshu Excellent Medical Products Co., Limited",excellent33@hgjd.com
"L.K. China International Thriving Enterprise Co., Ltd.",renxg1225@163.com
Wrangler Instruments Pvt. Ltd.,info@wrangler.pk
Purple Surgical International Ltd.,mail@purplesurgical.com
Hospital Equipment Mfg. Co.,info@hemcmedical.com
BOMI Italia S.p.A.,fairs@bomigroup.com
DINA-HITEX spol. s.r.o.,manager@dina-hitex.com
Linkwell Deutschland GmbH,hcm@lkwell.de
Jiangxi Hongda Medical Equipment Group Ltd.,hongda@jxhd.cn
Unik Surgical Sutures Mfg. Co.,unik@unik.com.tw
"Suzhou Weikang Medical Apparatus Co., Ltd.",sales@wkmedical.com
"Ningbo Greatcare Trading Co., Ltd.",greatcare@greatcare.cn
BIOPSYBELL SRL - BPB MEDICA,international1@biopsybell.it; international2@biopsybell.it
"Vancive Medical Technologies, an Avery Dennison business",vancive.medical@averydennison.com
Nurel Medikal Sanayi Ve Ticaret AS,info@nurelmedikal.com
CuraMedical B.V.,sales@curamedical.com
Prosan International B.V.,info@prosan.nl
Medisize BV,info@medisize.com
Pregna International Ltd.,sales@pregna.com
"Kanam Latex Industries Pvt., Ltd.","kanam@asianetindia.com, kanamlatex@gmail.com"
ERREBI Paper S.r.l.,info@errebipaper.it
Eurosirel S.p.A.,sales@eurosirel.it
Franz Mensch GmbH,verkauf@franz-mensch.de
Artsana S.p.A.,
"Pacific Hospital Supply Co., Ltd.",pahsco@pahsco.com.tw
Olly's International LLC,ollys011@yahoo.com
Jiangsu Kangjin Medical Instrument Co. Ltd.,business@kangjin.cn
SERAG-WIESSNER GmbH & Co. KG,info@serag-wiessner.de
Pharmaplast S.A.E.,sales@pharmaplast-online.com
"ECC CALIFORNIA, INC.",eccusa@aol.com
"Longterm Medical US, LLC",info@longterm-health.us
Germo S.p.A.,info@germodis.com
"Tianjin Hanaco Medical Co., Ltd.",roger@hanacomedical.com
Van Heek Medical BV,verkoop@vanheekmedical.nl
Plasti-Med Plastik-Medikal ürünler san. ve Tic. Ltd. Sti.,info@plasti-med.com
"Medico Industries & Trade Co., Ltd.",sales@medico.com.cn; medica@medico.com.cn
Xcel Medical Solutions Pty Ltd,info@xcelmedical.com.au
RI.MOS. SRL,info@rimos.com
Bastaki International General Trading LLC,bastakib@eim.ae
Telelift GmbH,info@telelift-logistic.com
"Wuxi Haiying International Trade Co., Ltd.",hytrade@haiying.com.cn
Tosan Co.,info@tosanco.com
meso international GmbH,info@meso.biz
SiDLY Sp. z o.o.,office@sidly.eu
OrgaCard Siemantel & Alt GmbH,info@orgacard.de
"Famidoc Technology Co., Ltd.",sales3@famidoc.com
Guy-Raymond Engineering Company Limited,info@guy-raymond.co.uk
LINAK A/S Group Headquarters,linak@linak.com
Givas S.R.L.,info@givas.it
"Modernsolid Industrial Co., Ltd.",sales2@mosolid.com.tw
Kap Medical,sales@kapmedical.com
TENTE-ROLLEN GmbH,info@tente.de
Euro Ausili S.r.l.,info@euroausili.it
TiMOTION Europe SARL,sales.eu@timotion.com
Gardhen Bilance S.r.l.,anna@gardhenbilance.it
"Xenosys Co., Ltd.",sales@xenosys.co.kr
Sumed International (UK) Ltd,sales@sumed.co.uk
Care Essentials Pty Ltd.,queries@careessentials.com.au
Tedisel Medical S.L.,export@tedisel.com
"Wellspring Medical Supplies Co., Ltd","info@wellspringchina.com, ayllonqu@vip.163.com"
J+K Chirurgische Instrumente GmbH,info@jkinstrumente.com
aks Aktuelle Krankenpflege Systeme GmbH,aks@aks.de
EUROTRONIK KRANJ D. O. O.,info@eurotronik.si
Iran Pavilion,info@tesc.ir
Messe Düsseldorf Japan Ltd.,mdj@messe-dus.co.jp
"Shenzhen Dongdixin Technology Co., Ltd.",service@nutekmedical.com
"Shanghai K & G International Co., Ltd.",infoshkg@aliyun.com
"Jiangsu Kanghua Medical Equipment Co., Ltd.",kanghua@chinakang-hua.com
Heinz Herenz Medizinalbedarf GmbH,hhh@herenz.de
"Raysen (Tianjin) Healthcare Products Co., Ltd.",sales@raysen.com.cn
"Sol-Millennium Medical Products Company, Ltd.",info@sol-m.com
"Zhanjiang Star Enterprise Co., Ltd.",tony@starcompany.com.cn
Reliance Medical Ltd.,sales@reliancemedical.co.uk
"DeRoyal Industries, Inc.",info.intl@deroyal.com
CANTAC GLOBAL Marketing Inc.,info@cantacgm.com
Weigao Group Corp.,info@weigaogroup.com
"Kunshan Jiehong Non-woven Product Co., Ltd.",shwan@jiehongmedical.cn
Demophorius Healthcare Ltd.,info@demophorius.com
SportsArt Medical,vic@sportsart.com.tw
PREVIS SRL,previs@previs.it
"CONWELL MEDICAL Co., Ltd.",service@conwellmedical.com
Luropas del dottor Molinari & C. SRL,lucamolinari@luropas.it
HYDRO PHYSIO Ltd.,lifestyle@hydrophysio.com
"CW Medical, Inc.",joseph@cwmedical.com
CPR GmbH,Info@CPR-Germany.de
"Everyway Medical Instruments Co., Ltd.",sales@everyway-medical.com
Coremec S.r.l.,"export@coremec.it, com.exp@coremec.it"
I.A.C.E.R. S.r.l. I-Tech Medical Division,iacer@iacer.it
SURGIKA Srl.,info@surgika.it
AREX SARL,info@arex.fr
Cizeta Medicali S.p.A.,info@cizetamedicali.com
Orliman S.L.U.,orto@orliman.com
Oxypas,customerservice@oxypas.com
Neotec Medical Industries Pte. Ltd.,info@neotecmedical.com
BTS Bioengineering S.p.A.,marketing@btsbioengineering.com
Medisport S.r.l.,info@medisport.it
Fortune Medical Instrument Corp.,info@fortunemed.com
"SURU International Pvt., Ltd.",info@suru.com
Morsa Medikal Ortopedi Mak. San Ve Tic. Ltd. Sti,info@morsa.com.tr
Sport-Thieme GmbH,info@sport-thieme.de
INVITALIS GmbH,info@invitalis.com
Saraya Europe Co. Ltd.,info@saraya-europe.com
Principelle International,info@principelle.com
"Yiwu Jiekang Medical Articles Co., Ltd.",ywjkmed@cnjiekang.com
GOLDEN STAR S.r.l.,info@goldenstar.it
"Hangzhou Jinlin Medical Appliances Co., Ltd.",zheng@kyoling.com.cn
MediRoyal Nordic AB,info@mediroyal.se
Geotek Medikal Ve Saglik Hiz Tic. San. Ltd. Sti,info@geotekmedical.com
Astar Spolka z Organiczona Odpowiedzialnoscia Sp. K.,export@astar.eu
Galileo Novotec Medical GmbH,info@galileo-training.de
Ergorest Oy,info@ergorest.fi
WEBER & WEBER Sp.z o.o.,info.pl@webermed.com
Calze G.T. S.r.l. Relaxsan,info@relaxsan.it
Biomedical Srl,communication@biomedical-bio.net
MES-KON Saglik Tekstil Urunleri San. ve Ticaret Ltd. Sti.,meskon@meskon.com.tr
"Shanghai Kindly Enterprise Development Group Co., Ltd.",daniel@kdlchina.com
ARIES srl,m.trentini@ariessrl.com
QOSINA,info@qosina.com
Mectronic Medicale srl,ennioaloisini@mectronicmedicale.it
SOMNOmedics GmbH,info@somnomedics.de
"Digicare Biomedical Technology, Inc.",sales@digicarebiomedical.com
Resintex Industriale S.r.l.,resintex@resintex.com
ScottCare Cardiovascular Solutions,mornelas@scottcare.com
HealthSTATS International Pte Ltd,serenechang@healthstats.com
GVB-geliMED KG,info@gvb-gelimed.de
LevMed Ltd.,info@levmed.net
Meditech Ltd.,meditech@meditech.eu
Voyager Imaging a division of Intellirad Solutions Pty Ltd,lancept@voyagerpacs.com
Melscher GmbH Zweigniederlassung Leipzig,info@melscher-medica.com
"R&D Medical Products, Inc.",dnelson@rdmedicalproducts.com
Asmuth GmbH Medizintechnik,info@asmuth-gmbh.de
Sonowied Vertriebs- und Beratungsgesellschaft für Sonographische Systeme mbH,info@sonowied.de
EF Medica Srl,info@efmedica.com
TELE-PAPER (M) SDN BHD,liz@telepapers.com
"boso, BOSCH + SOHN GmbH u. Co. KG",zentrale@boso.de
MTR+ Vertriebs GmbH,info@mtrplus.com
Cardioline S.p.A.,info@cardioline.it
Progetti S.r.l.,info@progettimedical.com
SMARTIZON MEDICAL GROUP LIMITED,info@smartizon.net
NewTech Medical Ltd.,info@newtech-medical.com
BIODIAGRAM s.r.l.,info@biodiagram.com
Echolight s.r.l.,info@echolightmedical.com
Medico Electrodes International Limited,sales@medicoelectrodes.com
Agsa Gomma S.r.l.,info@agsagomma.com
Biosensetek Corp.,info@biosensetek.com
cardiowise GmbH,dirk.schaefer@cardiowise.com
C.B.M. S.r.l.,info@cbm-srl.com
MEIKO Maschinenbau GmbH & Co. KG,info@meiko.de
AT-OS S.r.l.,info@at-os.com
hawo GmbH,info@hawo.com
ADE GmbH & Co.,info@ade-hamburg.de
gke GmbH,info@gke.eu
ATMOS MedizinTechnik GmbH & Co. KG,info@atmosmed.de
Famos BV,famos@famos.nl
SOLTEC S.r.l.,info@soltec.it
Conf Industries S.r.l.,export@confindustries.it
LED SpA,info@led.it
Marflow AG,marflow@marflow.ch
Printex Srl.,exportl@printexsrl.com
Alsa Apparecchi Medicali S.r.l.,alsa@alsamed.com
Steelco S.p.A.,steelco@steelcospa.com
Potok Inter O.O.O.,ddi@potok.com
"Mindray Bio-Medical Electronics Co., Ltd.",intl-market@mindray.com
Tuttnauer Europe B.V.,info@tuttnauer.nl
"LowTem Co., Ltd.",lowtem@lowtem.com
LTE Scientific Ltd.,info@lte-scientific.co.uk
Reverberi Arnaldo S.r.l.,reverberisrl@gmail.com
Mortara Instrument Inc.,info.de@mortara.com
Aerte AB,post@aerte.se
Medical Econet GmbH,info@medical-econet.com
Kordon Tip Saglik Arac ve Gerecleri Mühendislik Proje Ithalat San. ve Tic Ltd. Sti.,kordontip@gmail.com
Ceracarta S.p.A.,export@ceracarta.it
"Shenzhen Hexin Zondan Medical Equipment Co., Ltd.",intl@zondan.com
Angelantoni Life Science SRL,biomedical@angelantoni.it
Schönn Medizintechnik GmbH,info@schoenn.de
KRZ Sociedad Limitada,info@krz.es
S.R.R. Surgical Co.,srr@srrsurgical.com
WEINMANN Emergency Medical Technology GmbH + Co. KG,info@weinmann-emt.de
COMTEM - EQUIPOS DE RECICLADO BIOLOGICO,sales@comtem.net
Dürr Technik GmbH & Co. KG,office@duerr-technik.de
K-Laser Eltech S.r.l.,com@klaser.it
DEMERTZI M. & CO,demerci@otenet.gr
Betten Malsch GmbH,info@bettenmalsch.de
Euromed Industries Ltd.,info@euromedinst.com
PRO-MED Instrumente GmbH,info@pro-med-tut.de
ITC,impexp@itcsal.com
ergoline GmbH,info@ergoline.com
GPC Medical Ltd.,info@gpcmedical.com
Interlock Medizintechnik GmbH,info@interlockmed.com
HEYER Medical AG,info@heyermedical.de
"Contec Medical Systems Co., Ltd.",cms@contecmed.com.cn
SIDAPHARM Greece Diana Am. Mochintra Medical Disposables,info@sidapharm.com
KENTAMED Ltd.,sales@kentamed.com
Xmed S.r.l.,commerciale@xmed.it
Rimsa P. Longoni S.r.l.,info@rimsa.it
FARCO-PHARMA GmbH,info@farco-pharma.de
XcelLance Medical Technologies Pvt. Ltd.,info@xcellancetech.com
BIOTECK S.p.A.,sales@bioteck.com
ADMECO AG Medizintechnik,info@admeco.ch
TahatAksi ALC,info@tahat.by
Pheasant Surgical Corporation,info@pheasantsurgical.com
TRIMED (PVT) LTD,info@trimed-ltd.com
CIM med GmbH,info@cim-med.com
Shenzhen Bestman Instrument Co. Ltd.,bestman@szbestman.com
Timex Sales Corporation,"contact@tufftinstruments.com, kawal@tufftindia.com"
Infimed Sp. z o.o.,office@infimed.pl
Synimed Sarl,wschafli@synimed.com
Rossmax International Ltd.,info@rossmax.com
Cheirón a.s.,jcajthaml@cheiron.cz
MIR-Medical International Research S.r.l.,mir@spirometry.com
Telemedica SRL,info@tele-medica.com
UFSK INTERNATIONAL GmbH & Co. KG,info@ufsk.com
Baitella AG,info@baitella.com
"AMTAI Medical Equipment, Inc.",sales@amtai.com
Phoenix Medical Systems Pvt Ltd.,vinod@pmsind.com
Telea Electronic Engineering S.r.l.,info@teleamedical.com
DOIMO MIS SRL,info@doimomis.com
Ammad Surgical,info@ammadsurgical.com
Oscar Boscarol S.r.l.,info@boscarol.it
Mediflex Surgical Products Inc.,sales@mediflex.com
EP S.p.A,sales@elettroplastica.com
Sanatmetal Ltd.,efarkas@sanatmetal.hu
"Nidek Medical Products, Inc.",info@nidekmedical.com
NOUVAG AG,info@nouvag.com
TATA SURGICAL (Pvt.) Ltd.,info@tata.com.pk
ELMASLAR Imalat Tibbi Cihaz Ins. Ith. Ihr. San. ve Tic. A.S.,info@elmaslarmedikal.com.tr
Fabryka Narzedzi Medycznych CHIRMED Marcin Dyner,a.dyner@chirmed.pl
Bien-Air Surgery S.A.,surgery@bienair.com
DOVIDEQ Medical BV,info@dovideqmedical.com
Flow Meter S.P.A.,info@flowmeter.it
Jörg & Sohn GmbH,info@joergundsohn.de
TST R. TIBBI ALETLER SAN. VE TIC. LTD. STI.,info@tstsan.com
RAUMEDIC AG,hospitalcare@raumedic.com
SIM Italia S.r.l.,info@simitalia.it
Alfamedic spol s.r.o.,sales@alfamedic.cz
CEFALY Technology Sprl,info@cefaly.com
Fazzini S.R.L.,fazzini@fazzini.it
PRIZMA Ltd.,prizma@prizma.rs
Arno Barthelmes e.k. ZellaMed Instrumente,a.barthelmes@zellamed.de
Ardo medical AG,info@ardo.ch
Microlife Corporation,info@microlife.ch
ATOM MEDICAL Corporation,matsumoto@atom-ami.co.jp
TEHNOGAS - MEDICAL SRL,office@tehnogas-medical.ro
Viamed Ltd.,info@viamed.co.uk
Mattes Instrumente GmbH Medizintechnik,jens.mattes@mattes-medizintechnik.com
Aysam Orthopaedics and Medical Devices,info@aysam.com.tr
Dixion Vertrieb medizinischer Geräte GmbH,info@dixion.de
Stihler Electronic GmbH,info@stihlerelectronic.de
KLS Martin Group Gebr. Martin GmbH & Co. KG,info@klsmartin.com
imtmedical ag,info@imtmedical.com
MKW Lasersystem GmbH,mkw@mkw-laser.de
HVS Medizintechnik Oliver Hörnla GmbH & Co. KG,oliverhoernla@hvshoernla.de
DELTA P SRL,export@deltap.it
Kare Medical and Analytical Devices Ltd. Co.,export@kare-ltd.com
Luxamed GmbH & Co. KG,info@luxamed.de
Partnership Medical Ltd.,info@partnershipmedical.com
DZ MEDICALE SRL,info@dzmedicalesrl.com
Cavagna Group S.p.A.,info@cavagnagroup.com
Wellcomet GmbH,info@wellcomet.de
NOVAFON GmbH,v.scheuba@novafon.de
Winform Medical Engineering S.r.l.,info@winformweb.it
FIAB S.p.A.,orders@fiab.it
Hyper Photonics S.r.l.,info@hyperphotonics.com
CEABIS by Vezzani Spa,info@ceabis.it
NOVAVISION GROUP S.P.A,info@novavision.net
Intersurgical Ltd.,info@intersurgical.co.uk
Barkey GmbH & Co. KG,info@barkey.de
"Edan Instruments, Inc.",bobo@edan.com.cn
TECNIMED S.r.l.,info@tecnimed.eu
Sonoscanner SARL,contact@sonoscanner.com
Richard Wolf GmbH,info@richard-wolf.com
Medima Sp. z o.o.,medima@medima.pl
Toshiba Electronics Europe GmbH,mbroto@tee.toshiba.de
General Medical Merate S.p.A.,info@gmmspa.com
Bieffe Italia s.r.l. Weiko,bieffeita@libero.it
SIMAD srl,info@simad.net
Ampronix Inc.,info@ampronix.com
ulrich GmbH & Co. KG,info@ulrichmedical.com
Pres Block S.P.A.,export@presblock.com
Mides GmbH,lucijana.manovic@mides.com
ELMED Electronics & Medical Ind. & Trade Inc.,sales@elmed-as.com
Pooyandegan Rah Saadat Co.,info@saadatco.com
tic Medizintechnik GmbH & Co. KG,info@ticmed.de
LASERVISION GmbH & Co. KG,info@lvg.com
MIPM Mammendorfer Institut für Physik und Medizin GmbH,info@mipm.com
LISA laser products OHG,info@lisalaser.de
"Kastner-Praxisbedarf GmbH Ozon-, HOT-, UVB-Geräte",info@kastner-gmbh.de
Eufoton S.R.L.,info@eufoton.it
DRAMINSKI S.A.,ultrasound@draminski.com
XION GmbH,info@xion-medical.com
HEINE Optotechnik GmbH & Co. KG,info@heine.com
BOWA-electronic GmbH & Co. KG,info@bowa.de
Varian Medical Systems GmbH,sales-xray@varian.com
Intermedical S.R.L.,info@inter-med.it
PROTECT - Laserschutz GmbH,info@protect-laserschutz.de
Eurocolumbus s.r.l.,eurocolumbus@legalmail.it
"ACME Portable Machines, Inc.",info@acmeportable.com
Oxavita SRL,info@biobarica.com
REGO X-RAY GmbH,info@rego.de
MDT X-Ray bv.,medica-2016@mdt.nl
EXMI Technology GmbH,info@kitalpha-med.de
Axis Medical I.IOANNIDIS MONOPROSOPI IKE,info@axismedical.gr
"Ultrasound Imaging Technology, Inc.",info@uit1.com
LMT Medical Systems GmbH,info@lmt-medicalsystems.com
EUROMI S.A.,info@euromi.com
Rudolf Medical GmbH + Co. KG,sales@rudolf-med.com
RZ Medizintechnik GmbH,sales@rz-medizintechnik.com
Human Care HC AB,info.se@humancaregroup.com
Planmed Oy,sales@planmed.com
Foreseeson GmbH,sonia@fsnmed.eu
ARCOM S.r.l.,info@arcomonline.com
"Hangzhou Hawk Optical Electronic Instruments Co., Ltd.",hawk@chinahawk.cn
"Ikegami Tsushinki Co., Ltd.",ishibe-t@ikegami.co.jp
PTW Freiburg Physikalisch-Technische-Werkstätten Dr. Pychlau GmbH,info@ptw.de
Pajunk GmbH Medizintechnologie,info@pajunk.com
Dunlee Medical Components a division of Philips Healthcare,marloes.coppens@philips.com
Quanta System SpA,quanta@quantasystem.com
"Shenzhen Landwind Industry Co., Ltd.",sales@landwindmedical.com
Aymed Medical Technologies Industry Trade Ltd. Co.,aymed@aymed.com
Midmark EMEA Ltd,Csemea@midmark.com
EB Neuro S.p.A.,sales@ebneuro.com
IBIS srl,sales@ibisray.it
Dr. Hönle Medizintechnik GmbH,medizin@drhoenle.de
"Hanshin Medical Co., Ltd.",mail@eurohanshin.com
brumaba GmbH & Co. KG,info@brumaba.de
CA-MI srl,export@ca-mi.it
Behringer Srl,info@behringer.it
Italray S.r.l.,info@italray.it
Akar Makina San. ve Tic. A.S.,info@akarmak.com.tr
Bansbach easylift GmbH,info@bansbach.de
"Zhejiang Tiansong Medical Instrument Co., Ltd",export06@tiansong-endoscope.com
Sony Europe Ltd.,medical@eu.sony.com
GPI SpA,international@gpi.it
GETEMED Medizin- und Informationstechnik AG,info@getemed.de
Canafusion Technologies Inc.,info@canafusion.com
Medec Benelux N.V.,sales@medecbenelux.be
COMED SAS,info@comed.fr
I.M.D. GENERATORS S.r.l.,info@imdxray.com
Avellanus med GmbH,info@avellanus.com
Narang Medical Ltd.,net@narang.com
AMBRA Sistemi s.r.l.,info@ambrasistemi.it
GS Instruments GmbH Ghumman Surgico Instruments,info@gsinstruments.de
KaWeCo GmbH,info@kaweco.de
Ackermann Instrumente GmbH,info@ackermanninstrumente.de
ASANUS Medizintechnik GmbH,info@asanus.de
HERRMANN Apparatebau GmbH,info@h-a-b.de
Berker GmbH & Co. KG,v.info@berker.de
medin Medical Innovations GmbH,info@medingmbh.com
H&O Equipments nv/sa,info@ho-equipments.com
FENTEX medical GmbH,info@fentexmedical.com
RJ-LASER REIMERS & JANSSEN GmbH Lasertherapie Medizintechnik,contact@rj-laser.com
Diagramm Halbach GmbH & Co. KG,healthcare@halbach.com
"LESSA - AB MEDICA GROUP, S.A.",export@lessap.com
Villard SAS,export@villard-medical.com
GCX Corporation,sales@gcx.com
Kimetec GmbH Medizintechnik,info@kimetec.de
ERKA. Kallmeyer Medizintechnik GmbH & Co. KG,info@erka.org
INTEGRA (FRANCE) SAS,csemea@integralife.com
ZEPF MEDICAL INSTRUMENTS GMBH,info@zepf-medical-instruments.de
nopa instruments Medizintechnik GmbH,info@nopa.de
Remote Diagnostic Technologies Ltd (RDT),info@rdtltd.com
Zoll International Holding B.V.,info@zoll.com
Corscience GmbH & Co. KG,info@corscience.de
arcomed ag,info@arcomed.com
HMS VILGO SAS,contact@hms-vilgo.com
"Humares GmbH Forschung, Entwicklung, Herstellung und Vertrieb elektro-medizinischer Geräte",kontakt@humares.de
Spencer Italia S.r.l. a socio unico,export@spencer.it
ENDOCONTROL SAS,communication@endocontrol-medical.com
OxyHeal Health Group Corp.,sales@oxyheal-international.com
Tané Hermetic S.L.,tanehermetic@tanehermetic.com
Phocas Ltd,sales_uk@phocassoftware.com
MES ALUMINIUM,info@mesaluminium.com
Bodystat Limited Ballakaap,info@bodystat.com
INMATEC GaseTechnologie GmbH & Co. KG,info@inmatec.com
"Suzhou Warrenwell High-tech Co., Ltd.",info@warrenwell.com
Albert Hohlkörper GmbH & Co. KG,info@albert.de
SURMODICS Inc.,orders@surmodics.com
Reison Medical AB,nina@reison.se
"Votem Co., Ltd.",votem@votem.kr
"InBody Co., Ltd.",info@inbody.com
BeamMed Ltd.,info@beammed.com
Lemon Medical GmbH,vertrieb@lemonmedical.com
Surgicon (Pvt.) Ltd.,info@surgicon.com.pk
Medical Illumination International Inc.,cs@medillum.com
Oehm und Rehbein GmbH (OR Technology),info@oehm-rehbein.de
Ledraplastic SPA,
GEFA BANK GmbH,service@gefa.de
Klaromed Sp. z o.o.,export@klaromed.pl
DocCheck Medical Services GmbH,info@doccheck.com
"ZERONE Co., Ltd.",david@01zeus.com
"Shantou Institute of Ultrasonic Instruments Co., Ltd. (SIUI)",siui@siui.com
"Guangdong Biolight Meditech Co., Ltd",overseas@blt.com.cn
Novaerus Ltd.,info@novaerus.com
Sterylab S.r.l.,info@sterylab.it
OMPECO S.r.l.,info@ompeco.com
Wernli AG Verbandstoffe - Bandages,info@weroswiss.com
"T&L CO., LTD",trade@tnl.co.kr
"ACE Medical Co., Ltd.",hdkang@ace-medical.com
KM Healthcare Corp.,info@kmbiz.com
AL-KO Therm GmbH,info.pure@al-ko.de
HEGA-Medical Brigitte Hommel,hega-medical@online.de
ARBOR Technology,europe.info@arbor-technology.com
"Erenler Medikal San. Tic Ltd., Sti.",info@erenlermedikal.com.tr
Lu Mark Enterprises Inc.,sales@limarks.com.tw
evonos GmbH & Co.KG,info@evonos.de
Schweriner Rechenzentrum für Heilberufe GmbH,info@srzh.de
ONIKO-Europe s.r.o.,info@oniko.cz
Medical Technology S.A. (CardioMed),sales@hcifitness.com
HUR Oy,sales@hur.fi
Intco Medical Ltd.,karena@basicmedical.com
Ergotron Europe BV,info.eu@ergotron.com
"Digital Science Tech, Inc.",sales@dst-inc.com
Intelligent Texture GmbH,dogan@ultimate-sock.com
Linear Chemicals S.L.,"info@linear.es, atrinh@linear.es"
W.H.P.M. INC.,whpm@whpm.com
LK Mechanik GmbH,info@lk-mechanik.de
LEF - LABO ELECTROFRANCE SARL,export@lefsealers.com
tpm taberna pro medicum GmbH,info@tpm-online.de
Life Partners Europe SARL,info@lifeurope.com
United Diagnostics Industry - UDI,jamal@udignost.com
HiberGene Diagnostics Ltd.,"mdx@hibergene.com, leandra.guedes@hibergene.com"
Mega Andalan Kalasan PT.,export@mak-techno.com
GIMA spa,export@gimaitaly.com
Medi Direct International Ltd.,info@medi-direct.co.uk
"Osteosys Co., Ltd.",ihkim@osteosys.com
MPI Inc.,ogawa@mpi-inc.co.jp
"Ningbo David Medical Device Co.,Ltd",sales@nbdavid.com
ME.BER. s.r.l. Unipersonale,contact@meber.it
"DAEYOMEDI Co., Ltd.",dadaeyo@daeyomedi.com
"SUNGDO MC CO., LTD.",aj@sungdomc.co.kr
ORTHOBROKER bvba,info@orthobroker.com
"Beijing Steellex Scientific Instrument Co., Ltd.",overseas@steellex.com
"Rayto Life and Analytical Sciences Co., Ltd.",info@rayto.com
QuantaMatrix Corporation,contact@quantamatrix.com
Zeta Corporation,sales@zetacorporation.com
Genolution Inc.,dsna1956@naver.com
KogeneBiotech Co. Ltd.,info@kogene.co.kr
"HiMedia Laboratories Pvt., Ltd.",info@himedialabs.com
Savyon Diagnostics Ltd.,info@savyondiagnostics.com
"Meizhou Cornley Hi-Tech Co., Ltd.",sales@cornley.com
"URIT Medical Electronic Co., Ltd.",export@uritest.com
"Human Meditek Co., Ltd.",info@hmmdt.com
"Lars Medicare Pvt., Ltd.",mkt@larsmedicare.com
"Home Care Technology Co., Ltd.",hometech@hometech.com.tw
Terragene S.A.,sales2@terragene.com.ar
"MEDIANA Co., Ltd.",mkpark@mediana.co.kr
Malaysian Rubber Export Promotion Council (MREPC),mpd@mrepc.com
COSMED S.r.l.,info@cosmed.com
Morton Medikal San Ve Tic As.,info@mortonmedical.net
Magnamed Tecnologia Medica S/A,magnamed@magnamed.com.br
Quantum Laser S.A LUMIIA LASER,direccion@lumiia.com
Game Ready,ehugo@gameready.com
Everwind GmbH,info@everwind.de
Everwind GmbH,info@everwind.de
"U.S. Department of Commerce, U.S. Commercial Service",Office.Dusseldorf@trade.gov
Sina Hamd Aria,export@sinabed.com
Besmed Health Business Corp.,info@besmed.com
"ROBOTSYSTEM, s.r.o.",info@robotsystem.cz
Medasys SA,info@medasys.com
VINNO Technology (German) GmbH,vinno@vinno.com
Vernipoll Srl,vernipoll@vernipoll.com
M.D.L. Srl,so@mdlsrl.com
Apaloo GmbH,info@kintex.de
Charder Electronic Co. Ltd.,info_cec@charder.com.tw
SMS Sp. z o.o.,market@sms.com.pl
EnviroFALK GmbH Prozesswasser-Technik,info@envirofalk.com
Valeo Corporation,valeo@valeo.com.tw
SP MEDIKAL SAN.LTD.STI,seda@spmedikal.com
Frontmatec GmbH,info@itec.de
Glorious Enterprises S.E.,glorious@mail.dk
"HONSUN (Nantong) Co., Ltd.",market@lordmed.com
Soehnle Industrial Solutions GmbH,info@soehnle-professional.com
Passau Impex,info@passauimpex.com
Philipp Kirsch GmbH,info@kirsch-medical.de
Swann-Morton Ltd.,ctaylor@swann-morton.com
ANDROMEDA medizinische Systeme GmbH,info@andromeda-ms.de
Ascuro AG,mail@ascuro.ch
Hilbro International Pvt Ltd.,sales@hilbrointl.com
"Iberhospitex, S.A.",info@iht.es
Joerns Healthcare Ltd.,export@joerns.com
MDD Sp. z o. o.,office@mddpl.com
DNA-Technology LLC,sales@dna-technology.ru
YÜCEL MEDIKAL ve Tekstil Ürünleri San. Tic. Ltd. Sti.,info@yucelmedikal.com
AL-CAN EXPORTS PVT. LTD.,vijay@alcanexports.com
"Keisei Medical Industrial Co., Ltd.",johyama@keiseimed.com
EDM GROUP MEDICAL IMAGING S.A.S,info@edm-imaging.com
Cyanagen s.r.l.,info@cyanagen.com
M.A. Arain & Brothers (Pvt.) Ltd.,marketing@maarain.com
SUMINISTROS Y DESECHABLES SKKYD S.A. DE C.V.,i.perez@mabrago.com.mx
GenBody Inc.,zoekim@genbody.co.kr
AKTORmed GmbH ROBOTIC Surgery,sales@aktormed.com
ECODAS SAS,contact@ecodas.com
Spes Medica s.r.l.,info@spesmedica.com
Zimmer MedizinSysteme GmbH,info@zimmer.de
Zimmer MedizinSysteme GmbH AestheticDivision,info@zimmer.de
M4Medical Sp. z o.o.,sales@m4medical.com.pl
Teknova Medical Systems Ltd.,international@teknova.cn
SEI EMG S.r.l.,info@seiemg.it
PerkinElmer,fpd@perkinelmer.com
"Shenzhen Biocare Bio-Medical Equipment Co., Ltd.","sales@biocare.com.cn, intl.mkt@biocare.com.cn"
"Fukuda Denshi Co., Ltd.",info@fukuda.co.jp
ECM Echo Control Medical SAS,ecm@ecmscan.com
JSC Zelenograd innovation and technology centre ZITC,info@zitc-mt.ru
Rimed Ltd.,admin@rimed.com
Schulte-Elektronik GmbH SIDS- Monitore und Ultraschallvernebler,info@schulte-elektronik.de
KARL STORZ GmbH & Co. KG,info@karlstorz.com
Faromed GmbH Medizintechnik,info@faromed.de
Elmiko Medical sp. z.o.o.,international@elmikomedical.com
Thales Electron Devices SAS,xrayimaging.marketing@thalesgroup.com
Trinon Titanium GmbH,trinon@trinon.com
EMS Electro Medical Systems S.A.,welcome@ems-ch.com
"MASTER TECNIC ASISTENCIA, S.L.",info@mastertecnic.com
Suzuken Company Ltd.,kei.yamashita@suzuken.co.jp
CARDIAC SCIENCE,international@cardiacscience.de
Medtronic Inc.,
AMEDTEC Medizintechnik Aue GmbH,info@amedtec.de
OSATU S. Coop.,mcerezal@bexencardio.com
"Trismed Co., Ltd.",trismed@trismed.com
Cryofos Medical GmbH,info@cryofos.com
Ambu A/S,ambu@ambu.com
TensCare Ltd.,webenquiry@tenscare.co.uk
Oostwoud International bv,info@oostwoud.com
GOKLER A.S.- NITROCARE,info@nitrocare.com.tr
ADANI,info@adanisystems.com
TLV Healthcare SAS,contact@tlv.fr
NOVAK M d.o.o.,info@novak-m.si
Walz Elektronik GmbH,info@walz-el.de
DEHAS Medizintechnik GmbH,info@dehas.de
Care of Sweden AB,info@careofsweden.se
PolyGreen Germany GmbH,
DOLSAN MEDIKAL EKIPMANLARI Imalat Insaat Gida Pazarlama San. TIC. Ltd. STI,yonetim2@dolsan.com.tr
Pacific Medico Co. Ltd.,Customer.Overseas@pacific-medico.com
ASA S.r.l.,asalaser@asalaser.com
Rebonson Inc.,keithh@rebonson.com
"Nausicaa Medical - AKS France, SAS",export@nausicaa-medical.com
IAE S.p.A.,iaexray@iae.it
HYGECO International Products S.A.,info@hygeco.com
